,index,name,brand,price,number_of_comment,hardware_size(GB),RAM(GB),display(inch),Negative,Positive,rank
0,0,"Laptop HP ENVY 13-ba0046TU (Intel core i5-1035G4  RAM 8GB  512GB SSD  13.3""FHD  Win10 Home 64 Office Gold_171M7PA - Hàng Chính Hãng ",HP,21490000.0,6.0,409.6,8.0,14.179999999999998,0.14995900680293864,0.8500409931970615,120
1,1,"Laptop HP Pavilion Gaming 15-dk1074TX  Core i7-10750H(2.60 GHz  12 MB) 8GB RAM 512GB SSD GeForce GTX 1650 4GB 15.6""""FHD Wlan ax+BT Win 10 Home 1Y WTY_1K3U8PA - Hàng Chính Hãng ",HP,25490000.0,2.0,409.8,9.6,14.959999999999999,0.13075890868815365,0.8692410913118465,118
2,2,Laptop HP EliteBook x360 1030 G4 6MJ72AV (Core i5-8265U/ 8GB DDR4 2133Mhz/ 512GB PCIe NVMe/ 13.3 FHD IPS Touch/ Win10) - Hàng Chính Hãng ,HP,39990000.0,0.0,512.0,8.0,13.3,0.5,0.5,65
3,3,"Laptop HP Pavilion Gaming 15-dk1075TX  Core i7-10750H  8GB RAM  512GB SSD  GeForce GTX 1650Ti 4GB  15.6""FHD  Win 10 Home_1K3V0PA - Hàng Chính Hãng ",HP,25490000.0,0.0,409.8,9.6,14.959999999999999,0.5,0.5,111
4,4,Apple Macbook Air 2020 - 13 s (i3-10th/ 8GB/ 256GB) - Hàng Chính Hãng ,Apple,24299000.0,51.0,384.0,8.0,14.040000000000001,0.26081317436900225,0.7391868256309986,216
5,5,Apple Macbook Pro 2020 - 13 s (i5-8th/ 8GB/ 256GB) - Hàng Chính Hãng ,Apple,31299000.0,29.0,256.0,8.0,13.0,0.23512618701043195,0.7648738129895684,219
6,6,Apple Macbook Pro 2020 M1 - 13 s (Apple M1/ 8GB/ 256GB) - Hàng Nhập Khẩu Chính Hãng ,Apple,33999000.0,6.0,256.0,8.0,14.959999999999999,0.3687177829019068,0.6312822170980932,182
7,7,Laptop Lenovo Ideapad S145-14API-81UV008GVN (AMD R3-3200U/ 4GB DDR4 2400MHz/ 256GB SSD M.2 NVMe/ 14 FHD/ Win10) - Hàng Chính Hãng , Lenovo,8199000.0,25.0,256.0,4.0,14.0,0.18550118897682552,0.8144988110231748,218
8,8,Laptop MSI GF63 Thin 9SCXR-075VN (Core i5-9300H/ 8GB DDR4 2666MHz/ 512GB SSD M.2 PCIE/ GTX 1650 4GB GDDR6/ 15.6 FHD IPS/ Win10) - Hàng Chính Hãng ,MSI,17719000.0,6.0,512.0,8.0,15.6,0.13378181402760234,0.8662181859723977,100
9,9,Laptop Asus VivoBook 14 A412FA-EK1188T (Core i3-10110U/ 4GB/ 256GB SSD/ 14 FHD/ Win10) - Hàng Chính Hãng ,Asus,11890000.0,6.0,256.0,4.0,14.0,0.10120209584077665,0.8987979041592234,207
10,10,Laptop Dell Vostro 3590 V3590B (Core i5-10210U/ 8GB/ SSD 256GB/ AMD 610 2GB/ 15.6 FHD/ Win10) - Hàng Chính Hãng ,Dell,14789000.0,15.0,256.0,1.0,15.6,0.18497002905959076,0.8150299709404095,211
11,11,Laptop Asus Vivobook X409JA-EK014T (Core i5-1035G1/ 4GB DDR4 2400MHz/ 512GB SSD M.2 PCIE G3X2/ 14 FHD/ Win10) - Hàng Chính Hãng ,Asus,13599000.0,8.0,512.0,4.0,14.0,0.12271331802755514,0.877286681972445,113
12,12,Laptop Dell Inspiron 3493 WTW3M2 (Core i3-1005G1/ 4GB/ 256GB SSD/ 14 FHD/ Win10) - Hàng Chính Hãng ,Dell,10099000.0,17.0,256.0,4.0,14.0,0.22613802378177197,0.7738619762182283,212
13,13,Macbook Air 2017 MQD32 (13 ) - Hàng Chính Hãng ,Apple,18919000.0,157.0,128.0,8.0,13.3,0.3068966653126858,0.693103334687313,252
14,14,Laptop ASUS TUF Gaming A15 FA506II-AL016T (AMD Ryzen R7-4800H/ 8GB DDR4 3200MHz/ 512GB SSD M.2 PCIE G3X2/ GTX 1650Ti 4GB/ Win10) - Hàng Chính Hãng ,Asus,22499000.0,13.0,512.0,8.0,15.6,0.18595312548128942,0.8140468745187106,110
15,15,Laptop Lenovo ThinkPad E14 20RAS01000 (Core i5-10210U/ 4GB DDR4 2666MHz/ 256GB M.2 2242 PCIe NVMe/ 14 FHD IPS/ Dos) - Hàng Chính Hãng ,Lenovo,14399000.0,9.0,358.6,5.6,15.280000000000001,0.24999051325095223,0.7500094867490478,127
16,16,Laptop Asus ZenBook UX425EA-BM069T (Core i5-1135G7/ 8GB LPDDR4X 3200MHz (Onboard)/ 512GB SSD M.2 PCIE G3X2/ 14 FHD IPS/ Win10) - Hàng Chính Hãng ,Asus,21699000.0,8.0,512.0,8.0,14.0,0.2698431659571457,0.7301568340428544,104
17,17,Laptop Dell Inspiron 5593 N5I5513W (Core i5-1035G1/ 8GB DDR4 2666MHz/ 256GB PCIe NVMe/ MX230 2GB/ 15.6 FHD/ Win10) - Hàng Chính Hãng ,Dell,16179000.0,7.0,256.0,8.0,15.6,0.27817955595611943,0.7218204440438807,191
18,18,Laptop HP Envy 13-ba1027TU 2K0B1PA (Core i5-1135G7/ 8GB DDR4 3200MHz (Onboard)/ 256GB PCIe NVMe M.2/ 13.3 FHD IPS/ Win10) - Hàng Chính Hãng ,HP,21329000.0,6.0,256.0,8.0,13.3,0.14995900680293864,0.8500409931970615,203
19,19,Laptop Lenovo ThinkPad E14 20RA007CVA (Core i5-10210U/ 8GB DDR4 2666MHz/ 512GB SSD/ 14 FHD/ Dos) - Hàng Chính Hãng ,Lenovo,16589000.0,0.0,512.0,8.0,14.0,0.5,0.5,43
20,20,Laptop Dell Vostro 3590 V5I3101W (Core i3-10110U/ 4GB/ 256GBSSD/ 15.6 FHD/ Win10) - Hàng Chính Hãng ,Dell,10599000.0,8.0,256.0,4.0,15.6,0.19823085463042392,0.8017691453695761,205
21,21,Laptop Lenovo IdeaPad Slim 3-14ARE05 81W30058VN (AMD Ryzen R3-4300U/ 4GB DDR4 2666MHz/ 512GB M.2 2242 PCIe NVMe/ 14 FHD/ Win10) - Hàng Chính Hãng ,Lenovo,10409000.0,7.0,512.0,8.0,14.0,0.16898052047995188,0.8310194795200482,107
22,22,Laptop Asus VivoBook 15 A515EA-BQ489T (Core i3-1115G4/ 4GB DDR4 3200MHz Onboard/ 512GB SSD M.2 PCIE G3X4/ 15.6 FHD/ Win10) - Hàng Chính Hãng ,Asus,12999000.0,5.0,512.0,4.0,15.6,0.16203446146230122,0.8379655385376988,103
23,23,Laptop Dell Vostro 5590 V5590A (Core i7-10510U/ 8GB DDR4 2666MHz/ 256GB PCIe NVMe/ MX250 2GB/ 15.6 FHD/ Win10) - Hàng Chính Hãng ,Dell,21219000.0,7.0,256.0,8.0,15.6,0.25711627432298356,0.7428837256770165,194
24,24,Laptop Dell Inspiron 5593 7WGNV1 Core i5-1035G1/ Win10 (15.6 FHD) - Hàng Chính Hãng ,Dell,17190000.0,19.0,512.0,8.0,15.6,0.17608881987769867,0.8239111801223016,116
25,25,Laptop Dell Vostro 3590 GRMGK2 (Core i7-10510U/ 8GB DDR4 2666MHz/ 256GB SSD M.2 PCIe/ AMD R610 2GB/ 15.6 FHD/ Win10) - Hàng Chính Hãng ,Dell,18699000.0,4.0,256.0,8.0,15.6,0.33598034436136626,0.6640196556386337,174
26,26,Laptop HP Pavilion x360 14-dw0060TU 195M8PA (Core i3-1005G1/ 4GB DDR4 3200MHz/ 256GB PCIe NVMe/ 14 FHD IPS Touch/ Win10) - Hàng Chính Hãng ,HP,13259000.0,3.0,256.0,4.0,14.0,0.14995900680293864,0.8500409931970615,201
27,27,Laptop Asus ZenBook UX325EA-EG079T (Core i5-1135G7/ 8GB LPDDR4X 3200MHz/ 256GB SSD M.2 PCIE G3X2/ 13.3 FHD IPS/ Win10) - Hàng Chính Hãng ,Asus,20799000.0,5.0,256.0,8.0,13.3,0.2587422758338361,0.7412577241661641,197
28,28,Laptop ASUS TUF Gaming A15 FA506IU-AL127T (AMD Ryzen 7 4800H/ 8GB DDR4 3200MHz/ 512GB SSD M.2 PCIE G3X2/ GTX 1660Ti 6GB GDDR6/ 15.6 FHD IPS  144Hz/ Win10) - Hàng Chính Hãng ,Asus,25499000.0,4.0,512.0,8.0,15.6,0.17538854286000963,0.8246114571399904,94
29,29,Laptop Asus 14 X409JA-EK283T (Core i3-1005G1/ 4GB DDR4 2400MHz/ 256GB SSD M.2 PCIE/ 14 FHD/ Win10) - Hàng Chính Hãng ,Asus,9999000.0,5.0,256.0,4.0,14.0,0.11102797102562652,0.8889720289743736,206
30,30,Laptop Dell Gaming G3 3500 70223130 (Core i5-10300H/ 8GB (4GB x2) DDR4 3200MHz/ HDD 1TB 5400rpm + 256GB SSD M.2 PCIe/ GTX 1650 4GB GDDR6/ 15.6 FHD IPS  120Hz/ Win10) - Hàng Chính Hãng ,Dell,20709000.0,7.0,1.0,8.0,15.6,0.3196808612273176,0.6803191387726825,247
31,31,Laptop Asus ExpertBook P2451FA-EK0229T (Core i5-10210U/ 8GB DDR4 2666MHz/ 512GB SSD PCIE G3X4/ 14 FHD/ Win10) - Hàng Chính Hãng ,Asus,16499000.0,7.0,512.0,8.0,14.0,0.19230725789171607,0.8076927421082841,105
32,32,Microsoft Surface Go 2 (Pentium Gold 4425Y/ 4GB/ 64GB/ 10.5-/ Platinum) - Hàng Nhập Khẩu ,Microsoft,12000000.0,1.0,64.0,4.0,10.5,0.19253147343980584,0.8074685265601941,238
33,33,Laptop Lenovo Ideapad S145-15API 81UT00F1VN (AMD R5-3500U/ 4GB DDR4 2400Mhz/ 512GB M.2 2280 PCIe/ 15.6 FHD/ Win10) - Hàng Chính Hãng ,Lenovo,11099000.0,5.0,512.0,4.0,15.6,0.3219249067389106,0.6780750932610894,98
34,34,Laptop Asus ExpertBook P2451FA-EK0261 (Core i5-10210U/ 8GB DDR4 2666MHz/ 256GB SSD PCIE G3X4/ 14 FHD/ DOS) - Hàng Chính Hãng ,Asus,15499000.0,5.0,256.0,8.0,14.0,0.171722929602768,0.8282770703972322,199
35,35,Laptop MSI Bravo 15 A4DCR-052VN (AMD R5-4600H/ 8GB DDR4 3200MHz/ 256GB SSD M.2 PCIE/ RX 5300M 3GB GDDR6/ 15.6 FHD IPS/ Win 10) - Hàng Chính Hãng ,MSI,18699000.0,3.0,256.0,8.0,15.6,0.1670865008110223,0.8329134991889777,181
36,36,Laptop DELL Inspiron 15 7501 X3MRY1 (Core i7-10750H/ 8GB/ 512GB SSD PCIe/ GTX 1650Ti 4GB GDDR6/ 15.6 FHD/ Win10) - Hàng Chính Hãng ,Dell,27869000.0,3.0,512.0,8.0,15.6,0.29396357010580404,0.7060364298941959,83
37,37,Laptop ASUS Zenbook UX434FLC-A6143T (Core i5-10210U/ 8GB LPDDR3 2133MHz/ 512GB SSD M.2 PCIE/ MX250 2GB/ 14 FHD IPS/ Win10) - Hàng Chính Hãng ,Asus,24599000.0,0.0,512.0,8.0,14.0,0.5,0.5,44
38,38,Laptop Acer Aspire 3 A315-56-37DV NX.HS5SV.001 (Core i3-1005G1/ 4GB RAM/ 256GB SSD/ 15 FHD/ Win10) - Hàng Chính Hãng ,Acer,9490000.0,1.0,205.0,256.0,15.6,0.14995900680293864,0.8500409931970615,3
39,39,Laptop Asus ZenBook UX425EA-BM066T (Core i5-1135G7/ 8GB LPDDR4X 3200MHz/ 512GB SSD M.2 PCIE G3X2/ 14 FHD IPS/ Win10) - Hàng Chính Hãng ,Asus,21699000.0,0.0,512.0,8.0,14.0,0.5,0.5,45
40,40,Laptop Lenovo V14-IIL 82C400W3VN (Core i5-1035G1/ 4GB DDR4 2666Mhz/ 256GB M.2 2242 PCIe NVMe/ 14 HD/ Dos) - Hàng Chính Hãng ,Lenovo,11029000.0,0.0,256.0,4.0,14.0,0.5,0.5,164
41,41,Microsoft Surface Pro 7 (12.3/ i3-1005G1/ 4GB/ 128GB/ With Type Cover/ Platinum) - Hàng Nhập Khẩu ,Microsoft,18899000.0,0.0,128.0,4.0,12.3,0.5,0.5,214
42,42,Laptop Asus Vivobook D409DA-EK152T (AMD R5-3500U/ 4GB DDR4 2400MHz/ 256GB SSD M.2 PCIE/ 14 FHD/ Win10) - Hàng Chính Hãng ,Asus,11990000.0,11.0,256.0,4.0,14.0,0.17420809595410267,0.8257919040458975,208
43,43,Laptop Asus Vivobook A512DA-EJ422T AMD R5-3500U/Win10 (15.6 FHD) - Hàng Chính Hãng ,Asus,14190000.0,21.0,512.0,8.0,15.6,0.24063607326488237,0.7593639267351177,117
44,44,Laptop Asus Vivobook A512DA-EJ829T (AMD Ryzen 3-3200U/ 4GB DDR4 2400MHz/ 512GB SSD M.2 PCIE G3X2/ 15.6 FHD/ Win10) - Hàng Chính Hãng ,Asus,10799000.0,4.0,512.0,4.0,15.6,0.13120178974404795,0.868798210255952,101
45,45,"Laptop ASUS TUF Gaming A17 FA706II-H7125T (AMD Ryzen R5-4600H/ 8GB DDR4 3200MHz/ 512GB SSD M.2 PCIE G3X2  1x slot SATA3 2.5""/ GTX 1650Ti 4GB/ 17.3 FHD IPS  120Hz/ Win10) - Hàng Chính Hãng ",Asus,20799000.0,1.0,512.0,8.0,17.3,0.27874401839456375,0.7212559816054362,71
46,46,Laptop Asus Vivobook 15 A512FA-EJ2006T (Core i3-10110U/ 4GB DDR4 2400MHz/ 256GB SSD M.2 PCIE G3X2/ 15.6 FHD/ Win10) - Hàng Chính Hãng ,Asus,11790000.0,1.0,256.0,4.0,15.6,0.160303263346306,0.8396967366536938,185
47,47,Laptop Dell Vostro 3591 GTNHJ1 (Core i5-1035G1/ 8GB RAM/ 256GB SSD/ 15.6 FHD/ Win10) - Hàng Chính Hãng ,Dell,14199000.0,4.0,256.0,8.0,15.6,0.2231840892147593,0.7768159107852407,180
48,48,Laptop Asus VivoBook 14 A415EA-EB358T (Core i3-1115G4/ 4GB LPDDR4x 3733MHz Onboard/ 256GB SSD M.2 PCIE G3X4/ 14 FHD/ Win10) - Hàng Chính Hãng ,Asus,12000000.0,4.0,256.0,4.0,14.0,0.1424188201696743,0.8575811798303258,202
49,49,Laptop HP Pavilion x360 14-dw0063TU 19D54PA 9Core i7-1065G7/ 8GB DDR4 3200MHz/ 512GB PCIe NVMe/ 14 FHD IPS Touch/ Win10) - Hàng Chính Hãng ,HP,20290000.0,6.0,512.0,8.0,14.0,0.13381046771492464,0.8661895322850754,106
50,50,Laptop ASUS ROG Strix G15 G512-IAL001T (Core i7-10750H/ 8GB DDR4 3200MHz/ 512GB SSD PCIE G3X4/ GTX 1650Ti 4GB GDDR6/ 15.6 FHD IPS  144Hz/ Win10) - Hàng Chính Hãng ,Asus,26999000.0,1.0,512.0,8.0,15.6,0.029000782780036108,0.9709992172199639,91
51,51,Laptop Dell Inspiron 5391 N3I3001W (Core i3-10110U/ 4GB/ 128GBSSD/ 13.3 FHD/ Win10) - Hàng Chính Hãng ,Dell,13399000.0,3.0,128.0,4.0,13.3,0.04199794057082265,0.9580020594291775,221
52,52,Microsoft Surface Pro X (13/ SQ1TM/ 8GB/ 128GB SSD/ WiFi + 4G LTE/ Black) - Hàng Nhập Khẩu ,Microsoft,23200000.0,4.0,128.0,8.0,14.959999999999999,0.15166159005929655,0.8483384099407035,217
53,53,Apple iMac 2019 MRT32 21.5  4K - Nhập Khẩu Chính Hãng ,Apple,29499000.0,5.0,1.0,8.0,21.5,0.44183264356685303,0.558167356433147,224
54,54,Laptop Lenovo IdeaPad S145-15IIL 81W8001YVN (Core i5-1035G1/ 4GB DDR4 2400MHz/ 256GB SSD SATA/ 15.6 FHD/ Win10) - Hàng Chính Hãng ,Lenovo,12499000.0,1.0,256.0,4.0,14.5,0.32069320601998114,0.6793067939800188,177
55,55,Laptop Asus Vivobook D509DA-EJ286T (AMD Ryzen 5-3500U/ 4GB DDR4 2400MHz/ 256GB SSD M.2 PCIE/ 15.6 FHD/ Win10) - Hàng Chính Hãng ,Asus,11499000.0,8.0,256.0,4.0,15.6,0.2351105824213411,0.7648894175786589,204
56,56,Laptop ASUS VivoBook S15 S533JQ-BQ085T (Core i5-1035G1/ 8GB DDR4 2666MHz/ 512GB SSD M.2 PCIE G3X2/ MX350 2GB GDDR5/ 15.6 FHD IPS/ Win10) - Hàng Chính Hãng ,Asus,19199000.0,2.0,512.0,8.0,15.6,0.2650474738571923,0.7349525261428077,80
57,57,Laptop HP Pavilion x360 14-dw0061TU 19D52PA (Core i3-1005G1/ 4GB DDR4 3200MHz/ 512GB PCIe NVMe M.2/ 14 FHD IPS Touch/ Win10) - Hàng Chính Hãng ,HP,14099000.0,4.0,512.0,4.0,14.0,0.12573619817091763,0.8742638018290825,108
58,58,Laptop Dell Vostro V5490D (Core i5-10210U/ 8GB DDR4 2666MHz/ 256GB M.2 PCIe NVMe/ MX250 2GB GDDR5/ 14 FHD/ Win10) - Hàng Chính Hãng ,Dell,17369000.0,0.0,256.0,8.0,14.0,0.5,0.5,136
59,59,Laptop HP Pavilion 14-ce1011TU 5JN17PA Core i3-8145U/ Win10 (14 FHD IPS) - Hàng Chính Hãng ,HP,10209000.0,2.0,1.0,4.0,14.0,0.3195779148402395,0.6804220851597604,245
60,60,Laptop Dell Vostro 5402 V5402A (Core i5-1135G7/ 8GB DDR4 3200MHz/ 256GB SSD M.2 PCIE/ MX330 2GB GDDR5/ 14 FHD WLED/ Win10) - Hàng Chính Hãng ,Dell,18699000.0,1.0,256.0,8.0,14.0,0.14995900680293864,0.8500409931970615,184
61,61,Laptop HP Envy 13-ba1031TU 2K0B7PA (Core i7-1165G7/ 16GB DDR4 2933MHz (Onboard)/ 1TB PCI NVMe/ 13.3 FHD IPS/ Win10 + Office Home & Student) - Hàng Chính Hãng ,HP,29799000.0,2.0,1.0,16.0,13.3,0.40793850433779405,0.592061495662206,228
62,62,Laptop Dell Inspiron 5490 70196706 Core i7-10510U/ MX230 2GB/ Win10 (14 FHD) - Hàng Chính Hãng ,Dell,21590000.0,3.0,512.0,8.0,14.0,0.31332221919813696,0.6866777808018631,88
63,63,Laptop MSI GF63 Thin 10SCSR-830VN (Core i7-10750H/ 8GB DDR4 2666MHz/ 512GB SSD M.2 PCIE/ GTX 1650Ti 4GB GDDR6 with Max-Q Design/ 15.6 FHD IPS  144Hz/ Win10) - Hàng Chính Hãng ,MSI,22999000.0,1.0,512.0,8.0,15.6,0.14995900680293864,0.8500409931970615,84
64,64,Laptop Asus Vivobook X509JP-EJ012T (Core i5-1035G1/ 4GB DDR4 2400MHz/ 1TB 5400rpm  x1 slot SSD M.2/ MX330 2GB GDDR5/ Win10) - Hàng Chính Hãng ,Asus,13999000.0,1.0,1.0,4.0,15.6,0.07263417094457518,0.9273658290554251,248
65,65,Laptop Asus Vivobook D509DA-EJ800T (AMD Ryzen 3-3200U/ 4GB DDR4 2400MHz Onboard/ 256GB PCIe NVMe/ 15.6 FHD/ Win10) - Hàng Chính Hãng ,Asus,9669000.0,0.0,256.0,4.0,15.6,0.5,0.5,144
66,66,Laptop Asus VivoBook A512FA-EJ2007T (Core i3-10110U/ 4GB DDR4 2400MHz/ 256GB SSD M.2 PCIE G3X2/ 15.6 FHD/ Win10) - Hàng Chính Hãng ,Asus,11199000.0,1.0,256.0,4.0,15.6,0.14995900680293864,0.8500409931970615,186
67,67,Laptop Asus TUF Gaming FX505DT-HN478T (AMD Ryzen 7 3750H/ 8GB DDR4 2666MHz/ 512GB SSD M.2 PCIE G3X2/ GTX 1650 4GB GDDR5/ 15.6 FHD IPS  144Hz/ Win10) - Hàng Chính Hãng ,Asus,18590000.0,0.0,512.0,8.0,15.6,0.5,0.5,16
68,68,"Laptop Dell Vostro 5481 V4I5229W Core i5-8265U/ Win10 + Office365 (14.0"" FHD IPS) - Hàng Chính Hãng ",Dell,15999000.0,11.0,1.0,4.0,14.0,0.340048530746398,0.659951469253602,251
69,69,Laptop MSI Bravo 15 A4DCR-270VN (AMD Ryzen 5 4600H/ 8GB DDR4 3200MHz/ 256GB SSD M.2 PCIE/ AMD RX 5300M 3GB GDDR6/ 15.6 FHD IPS  144Hz/ Win10) - Hàng Chính Hãng ,MSI,18019000.0,0.0,256.0,8.0,15.6,0.5,0.5,132
70,70,Laptop Asus ROG Strix G15 G512-IAL013T (Core i5-10300H/ 8GB DDR4 3200MHz/ 512GB SSD PCIE G3X4/ GTX 1650Ti 4GB GDDR6/ 15.6 FHD IPS  144Hz/ Win10) - Hàng Chính Hãng ,Asus,22789000.0,1.0,512.0,8.0,15.6,0.14007549384822565,0.8599245061517743,87
71,71,"laptop Asus Vivobook S14 S430FA-EB075T Core i5-8265U/ Win10 (14"" FHD IPS) - Hàng Chính Hãng ",Asus,13999000.0,2.0,1.0,4.0,14.0,0.7129204945029246,0.28707950549707534,236
72,72,Laptop HP Envy 13-ba1030TU 2K0B6PA (Core i7-1165G7/ 8GB DDR4 3200MHz (Onboard)/ 512GB PCIe NVMe/ 13.3 FHD IPS/ Win10 + Office Home & Student) - Hàng Chính Hãng ,HP,26699000.0,0.0,512.0,8.0,13.3,0.5,0.5,66
73,73,Laptop HP Pavilion 14-ce3026TU 8WH93PA (Core i5-1035G1/ 8GB/ 512GB SSD/ 14 FHD/ WIN10) - Hàng Chính Hãng ,HP,16390000.0,7.0,512.0,8.0,14.0,0.2441787195943907,0.7558212804056094,102
74,74,Laptop LG Gram 2020 14ZD90N-V.AX53A5 (Core i5-1035G7/ 8GB/ 256GB NVMe/ 14 FHD IPS/ NonOS/ White) - Hàng Chính Hãng ,LG,24899000.0,5.0,256.0,8.0,14.0,0.3921642056065059,0.607835794393494,179
75,75,Laptop Acer Swift 3 SF314-41-R8G9 NX.HFDSV.003 (AMD Ryzen 7-3700U/ 8GB (4GB x2) DDR4 2133MHz/ 512GB SSD M.2 PCIE/ 14FHD/ Win10) - Hàng Chính Hãng ,Acer,14899000.0,2.0,512.0,8.0,14.0,0.1334121533521867,0.8665878466478135,97
76,76,Laptop MSI Modern 14 B11SB-244VN (Core i5-1135G7/ 8GB DDR4 3200MHz/ 512GB PCIe NVMe/ MX450 2GB GDDR5/ 14 FHD IPS/ Win10) - Hàng Chính Hãng ,MSI,21199000.0,0.0,512.0,8.0,14.0,0.5,0.5,46
77,77,"Laptop HP Pavilion 15-cs3015TU 8QP15PA (Core i5-1035G1/ 4GB DDR4 2666MHz/ 256GB PCIe NVMe/ 15.6"" FHD IPS/ Win10) - Hàng Chính Hãng ",HP,14950000.0,5.0,256.0,4.0,15.6,0.2850442218313954,0.7149557781686047,193
78,78,"LapTop Lenovo ThinkBook 14 IIL - 20SL00MFVN | Intel Core i5 _ 1035G1 | 8GB | 512GB SSD PCIe | VGA INTEL | Win 10 Bản Quyền | 14"" Full HD | Hàng Chính Hãng ",Lenovo,15399000.0,0.0,512.0,8.0,14.64,0.5,0.5,37
79,79,Laptop Lenovo Legion 5 15IMH05 82AU004XVN (Core i5-10300H/ 8GB DDR4 2933MHz/ 512GB SSD PCIE G3X4/ GTX 1650 4GB GDDR6/ 15.6 FHD IPS  120Hz/ Win10) - Hàng Chính Hãng ,Lenovo,23439000.0,0.0,512.0,8.0,15.6,0.5,0.5,17
80,80,Laptop HP 348 G7 9PH16PA (Core i7-10510U/ 8GB DDR4 2666MHz/ 512GB M.2 PCIe NVMe/ 14 FHD IPS/ Free Dos) - Hàng Chính Hãng ,HP,17990000.0,2.0,512.0,8.0,14.0,0.19962745981734825,0.8003725401826518,90
81,81,Laptop Acer Aspire 5 A514-53-50P9 NX.HUSSV.004 (Core i5-1035G1/ 8GB RAM/ 512GB SSD/ 14 FHD/ Win 10) - Hàng Chính Hãng ,Acer,15789000.0,2.0,512.0,8.0,14.0,0.14995900680293864,0.8500409931970615,96
82,82,Laptop Dell Inspiron 7490 N4I5106W (Core i5-10210U/ 8GB LPDDR3 2133MHz/ 512GB PCIe NVMe/ MX250 2GB/ 14 FHD/ Win10) - Hàng Chính Hãng ,Dell,25189000.0,0.0,512.0,8.0,14.0,0.5,0.5,47
83,83,Laptop HP 348 G7 9PH09PA (Core i7-10510U/ 8GB DDR4 2666MHz/ 256GB M.2 PCIe NVMe/ 14 FHD IPS/ Win10) - Hàng Chính Hãng ,HP,16599000.0,0.0,256.0,8.0,14.0,0.5,0.5,137
84,84,Laptop Asus TUF Gaming A15 FA506IV-HN202T (AMD R7-4800H/ 16GB (8GB x2) DDR4 3200MHz/ 1TB PCIe Gen3 SSD/ RTX 2060 6GB/ 15.6 FHD IPS  144Hz/ Win10) - Hàng Chính Hãng ,Asus,30499000.0,3.0,1.0,16.0,15.6,0.38489614010217416,0.6151038598978259,226
85,85,Laptop Acer Nitro 5 2020 AN515-55-5923 NH.Q7NSV.004 (Core i5-10300H/ 8GB DDR4 3200MHz/ 512GB SSD M.2 PCIE/ GTX 1650Ti 4GB GDDR6/ 15.6 FHD IPS  144Hz/ Win10) - Hàng Chính Hãng ,Acer,22199000.0,0.0,512.0,8.0,15.6,0.5,0.5,18
86,86,Laptop Asus X509JP-EJ013T (Core i5-1035G1/ 4GB DDR4 2400MHz/ 512GB SSD PCIE/ MX330 2GB/ 15.6 FHD/ Win10) - Hàng Chính Hãng ,Asus,14999000.0,1.0,512.0,4.0,15.6,0.14995900680293864,0.8500409931970615,92
87,87,Laptop HP 15s-fq1022TU 8VY75PA (Core i7-1065G7/ 8GB DDR4 2666MHz/ 512GB PCIe NVMe/ 15.6 FHD/ Win10) - Hàng Chính Hãng ,HP,17490000.0,17.0,512.0,8.0,15.6,0.1679800401832401,0.8320199598167602,115
88,88,Laptop Lenovo IdeaPad S145-14IIL 81W6001GVN (Core i3-1005G1/ 4GB DDR4 2666MHz/ 256GB SSD M.2/ 14FHD/ Win10) - Hàng Chính Hãng ,Lenovo,10200000.0,1.0,256.0,4.0,14.0,0.5075899926958548,0.49241000730414525,170
89,89,Laptop Asus VivoBook S15 S533EA-BQ016T (Core i5-1135G7/ 8GB DDR4 3200MHz/ 512GB SSD M.2 PCIE G3X2/ 15.6 FHD IPS/ Win10) - Hàng Chính Hãng ,Asus,18289000.0,1.0,512.0,8.0,15.6,0.14995900680293864,0.8500409931970615,85
90,90,Laptop Dell Vostro 3405 V4R33250U501W (AMD R3-3250U/ 4GB RAM/ 1TB HDD/ 14 HD/ Win10) - Hàng Chính Hãng ,Dell,9329000.0,0.0,1.0,4.0,14.0,0.5,0.5,240
91,91,"Laptop HP Pavilion Gaming 15-dk1075TX  Core i7-10750H  8GB RAM  512GB SSD  GeForce GTX 1650Ti 4GB  15.6""FHD  Win 10 Home_1K3V0PA - Hàng Chính Hãng ",HP,25490000.0,0.0,409.8,9.6,14.959999999999999,0.5,0.5,112
92,92,Laptop MSI Modern 14 B11M-073VN (Core i7-1165G7/ 8GB DDR4 3200MHz/ 512GB PCIe NVMe/ 14 FHD IPS/ Win10) - Hàng Chính Hãng ,MSI,20999000.0,0.0,512.0,8.0,14.0,0.5,0.5,48
93,93,Apple Macbook Pro Touch Bar 2019 MV962 - 13 s (i5/ 8GB/ 256GB) - Hàng Chính Hãng ,Apple,44450000.0,0.0,460.8,256.0,13.3,0.5,0.5,2
94,94,"Laptop HP 15s-fq1017TU  Core i5-1035G1(1.00 GHz 6MB) 4GB RAM 512GB SSD Intel UHD Graphics 15.6""HD Wlan ac+BT 3cell Win 10 Home 64 Silver_8VY69PA - Hàng Chính Hãng ",HP,14790000.0,1.0,307.4,5.0,14.959999999999999,0.19559754595578774,0.8044024540442123,129
95,95,Laptop Dell Gaming G3 3500 G3500B (Core i7-10750H/ 16GB (8GB x2) DDR4 3200MHz/ 512GB SSD M.2 PCIE/ GTX 1660Ti 6GB GDDR6/ 15.6 FHD IPS  120Hz/ Win10) - Hàng Chính Hãng ,Dell,29149000.0,1.0,512.0,16.0,15.6,0.46086221330446525,0.5391377866955348,14
96,96,Laptop Dell Inspiron 15 3593 70205743 (Core i5-1035G1/ 4GB/ 256GB SSD/ GeForce MX230/ Win10) - Hàng Chính Hãng ,Dell,13990000.0,2.0,256.0,1.0,15.6,0.26150771175457316,0.738492288245427,189
97,97,Laptop Asus Vivobook 15 A512FA-EJ2005T (Core i3-10110U/ 4GB DDR4 2400MHz/ 256GB SSD M.2 PCIE G3X2/ 15.6 FHD/ Win10) - Hàng Chính Hãng ,Asus,11189000.0,0.0,256.0,4.0,15.6,0.5,0.5,145
98,98,Laptop HP Pavilion 15-cs2033TU 6YZ14PA Core i5-8265U/ Win10 (15.6 FHD) - Grey - Hàng Chính Hãng ,HP,13189000.0,0.0,1.0,4.0,15.6,0.5,0.5,230
99,99,Laptop HP Pavilion 14-ce3019TU 8QP00PA (Core i5-1035G1/ 4GB DDR4 2666MHz/ HDD 1TB 5400rpm  x1 slot SSD M.2/ 14FHD/ Win10) - Hàng Chính Hãng ,HP,13799000.0,0.0,1.0,4.0,14.0,0.5,0.5,241
100,100,Laptop MSI GF65 Thin 10SER-622VN (Core i7-10750H/ 8GB DDR4 2666MHz/ 512GB SSD M.2 PCIE/ RTX 2060 6GB GDDR6/ 15.6 FHD IPS 144Hz/ Win 10) - Hàng Chính Hãng ,MSI,29969000.0,1.0,281.8,8.0,16.0,0.053067772274854555,0.9469322277251455,159
101,101,Laptop HP 14S-DQ1020TU 8QN33PA (Core i5-1035G1/ 4GB DDR4 2666MHz/ 256GB PCIe NVMe/ 14 HD/ Win10) - Hàng Chính Hãng ,HP,13399000.0,0.0,256.0,4.0,14.0,0.5,0.5,165
102,102,Laptop Asus Vivobook 15 X509MA-BR337T (Pentium N5020/ 4GB DDR4/ 256GB M.2/ 15.6 HD/ Win10) - Hàng Chính Hãng ,Asus,7900000.0,0.0,256.0,4.0,15.6,0.5,0.5,146
103,103,Laptop Acer Aspire 3 A315-54K-37B0 NX.HEESV.00D (Core i3-8130U/ 4GB RAM/ 256GB SSD/ 15 FHD/ Win 10) - Hàng Chính Hãng ,Acer,9490000.0,0.0,256.0,4.0,15.6,0.5,0.5,147
104,104,Laptop Dell Vostro 3591 V5I3308W (Core i3-1005G1/ 4GB Ram/ 256GB SSD/ 15.6 FHD/ Win10) - Hàng Chính Hãng ,Dell,10769000.0,0.0,256.0,4.0,15.6,0.5,0.5,148
105,105,Laptop HP Envy 13-ba0047TU 171M8PA (Core i7-1065G7/ 8GB/ 512GB SSD/ 13.3FHD/ Win10 + Office) - Hàng Chính Hãng ,HP,26329000.0,1.0,512.0,8.0,13.3,0.14995900680293864,0.8500409931970615,95
106,106,Laptop Lenovo ThinkBook 14-IML 20RV00BEVN (Core i3-10110U/ 4GB RAM/ 1TB HDD/ 14 FHD/ Dos) - Hàng Chính Hãng ,Lenovo,10669000.0,0.0,409.6,4.8,15.280000000000001,0.5,0.5,114
107,107,Laptop MSI GS66 Stealth 10SE-407VN (Core i7-10750H/ 16GB (8GBx2) DDR4 3200MHz/ 512GB SSD PCIE G3X4/ RTX 2060 6GB GDDR6/ 15.6 FHD IPS  240Hz  3ms/ Win10) - Hàng Chính Hãng ,MSI,43049000.0,0.0,512.0,16.0,15.6,0.5,0.5,6
108,108,Laptop Dell Vostro 5590 HYXT91 (Core i5-10210U/ 8GB DDR4 2666MHz/ 1TB 5400rpm + 128GB SSD M.2 PCIE/ MX230 2GB/ 15.6 FHD/ Win10) - Hàng Chính Hãng ,Dell,19390000.0,7.0,1.0,8.0,15.6,0.131563914300121,0.8684360856998792,249
109,109,Laptop Dell Inspiron 5570 M5I5413 Core i5-8250U/ Radeon 530 2GB/ Dos (15.6 FHD) - Hàng Chính Hãng ,Dell,17999000.0,2.0,256.0,8.0,15.6,0.6323104712654488,0.36768952873455124,130
110,110,Laptop Lenovo ThinkPad X1 Yoga Gen 3 20LDS00M00 Core i7-8550U/Win10 (14 ) - Hàng Chính Hãng (Black) ,Lenovo,44899000.0,0.0,256.0,8.0,14.0,0.5,0.5,138
111,111,Laptop Asus ZenBook UX325EA-EG081T (Core i5-1135G7/ 8GB LPDDR4X 3200MHz/ 256GB SSD M.2 PCIE G3X2/ 13.3 FHD IPS/ Win10) - Hàng Chính Hãng ,Asus,20699000.0,0.0,256.0,8.0,13.3,0.5,0.5,154
112,112,Laptop Acer Aspire 5 A514-54-39KU NX.A23SV.003 (Core i3-1115G4/ 4GB DDR4 2666MHz Onboard/ 256GB SSD M.2 PCIE/ 14 FHD IPS/ Win10) - Hàng Chính Hãng ,Acer,12449000.0,1.0,256.0,4.0,14.0,0.18839267079000574,0.8116073292099941,190
113,113,Laptop HP ProBook 450 G6 5YM71PA Core i3-8145U/ DOS (15.6 HD) - Hàng Chính Hãng ,HP,11299000.0,0.0,500.0,1.0,15.6,0.5,0.5,81
114,114,"Laptop Asus Vivobook X507UF-EJ079T Core i7-8550U/ Win10 (15.6"" FHD) - Hàng Chính Hãng ",Asus,14999000.0,4.0,1.0,4.0,15.6,0.30586793771480125,0.6941320622851986,246
115,115,LapTop HP 250 G7 15H40PA | Intel Core i3 _ 1005G1 | 4GB | 256GB SSD PCIe Support 1 Slot HDD| VGA INTEL | Win 10 | 15 6  HD | Hàng Chính Hãng ,HP,10050000.0,0.0,256.0,4.0,14.319999999999999,0.5,0.5,161
116,116,Laptop Dell Inspiron 3505 Y1N1T1 (AMD R3-3250U/ 8GB/ 256GB SSD/ 15.6 FHD/ Win10) - Hàng Chính Hãng ,Dell,10999000.0,0.0,256.0,2.0,15.6,0.5,0.5,158
117,117,Laptop Acer Swift 5 SF514-54T-793C NX.HLGSV.001 (Core i7-1065G7/ 8GB LPDDR4 2666MHz/ 512GB PCIe NVMe/ 14 FHD IPS/ Win10) - Hàng Chính Hãng ,Acer,27499000.0,1.0,512.0,8.0,14.0,0.14995900680293864,0.8500409931970615,89
118,118,Laptop Dell Inspiron 5490 FMKJV11 (Core i5-10210U/ 8GB/ 512GB SSD/ MX230 2G/ 14 FHD/ Win10) - Hàng Chính Hãng ,Dell,19599000.0,0.0,512.0,8.0,14.0,0.5,0.5,49
119,119,"LapTop Lenovo V14 IIL 82C400X3VN | Intel Core i3 _1005G1 /4GB /256GB SSD PCIe /VGA INTEL /14"" Full HD | Hàng Chính Hãng ",Lenovo,9800000.0,1.0,256.0,4.0,14.959999999999999,0.5104416155928834,0.4895583844071166,163
120,120,Laptop Lenovo ThinkPad T490s 20NXS00200 Core i7-8565U/ Dos (14 FHD IPS) - Hàng Chính Hãng , Lenovo,29500000.0,0.0,256.0,8.0,14.0,0.5,0.5,139
121,121,Laptop Lenovo ThinkPad X390 Core i5-8365U/16Gb/ SSDNVMe 256Gb Win10 Pro (13.3 FHD IPS) - Hàng Chính Hãng , Lenovo,27990000.0,1.0,256.0,16.0,14.34,0.08460364419009395,0.9153963558099062,169
122,122,Laptop Lenovo IdeaPad 3 14IIL05 81WD0060VN (Core i5-1035G1/ 4GB DDR4/ 512GB SSD M.2 NVMe/ 14 FHD/ Win10) - Hàng Chính Hãng ,Lenovo,13899000.0,0.0,512.0,4.0,14.0,0.5,0.5,76
123,123,LapTop Lenovo V14 IIL - 82C400W3VN | Intel Core i5 _ 1035G1 | 4GB | 256GB SSD PCIe | VGA INTEL | 14  HD | FreeDos | Hàng Chính Hãng ,Lenovo,11600000.0,0.0,256.0,4.0,14.959999999999999,0.5,0.5,156
124,124,Laptop Dell Vostro 3405 V4R53500U001W (AMD R5-3500U/ 4G(4GB x 1) DDR4 2400Mhz/ 256GB SSD M2 PCIe NVMe/ 14 FHD/ Win10) - Hàng Chính Hãng ,Dell,11339000.0,0.0,256.0,4.0,14.0,0.5,0.5,166
125,125,Surface Pro 7 Core I3 Ram 4Gb Sdd 128Gb Brand New - Hàng chính hãng ,Surface,18189000.0,0.0,205.4,6.6,15.6,0.5,0.5,187
126,126,LapTop Lenovo V15 IIL - 82C500MNVN | Intel Core i3 _ 1005G1 | 4GB | 256GB SSD PCIe | VGA INTEL | 15 6  Full HD | Finger | FreeDos | Hàng Chính Hãng ,Lenovo,9800000.0,0.0,256.0,4.0,14.959999999999999,0.5,0.5,157
127,127,Laptop Acer Swift 3 SF315-52-50T9 NX.GZBSV.002 Core Core i5-8250U/ Win10 (15.6  FHD IPS) - Hàng Chính Hãng ,Acer,15599000.0,2.0,256.0,8.0,15.6,0.19759226512804476,0.8024077348719554,175
128,128,Apple iMac 2019 MRT32SA/A 21.5  4K - Hàng Chính Hãng ,Apple,30999000.0,2.0,1.0,8.0,21.5,0.4175508004595202,0.5824491995404798,222
129,129,Laptop Acer Aspire 5 A514-54-51VT NX.A23SV.004 (Core i5-1135G7/ 8GB (4GBx2) DDR4 2666MHz/ 512GB SSD M.2 PCIE/ 14 FHD IPS/ Win10) - Hàng Chính Hãng ,Acer,16099000.0,0.0,512.0,8.0,14.0,0.5,0.5,50
130,130,Laptop Acer Aspire 7 A715-41G-R282 NH.Q8SSV.005 (AMD Ryzen 5 3550H/ 8GB DDR4 2400MHz/ 512GB PCIe NVMe/ GTX 1650Ti 4GB GDDR6/ 15.6 FHD IPS/ Win10) - Hàng Chính Hãng ,Acer,18649000.0,0.0,512.0,8.0,15.6,0.5,0.5,19
131,131,Laptop Lenovo ThinkPad X390 20Q0S03M00 Core i5-8265U/ Dos (13.3 FHD IPS) - Hàng Chính Hãng , Lenovo,22500000.0,0.0,256.0,8.0,13.3,0.5,0.5,155
132,132,Laptop Acer Aspire Nitro A715-72G-50NA NH.GXBSV.001 Core i5-8300HQ/Free Dos (15.6 ) (Black) - Hàng Chính Hãng ,Acer,17299000.0,8.0,1.0,8.0,15.6,0.4184141444881496,0.5815858555118503,244
133,133,Laptop Acer Aspire 5 A514-54-51RB NX.A2ASV.003 (Core i5-1135G7/ 8GB (4GBx2) DDR4 2666MHz/ 256GB SSD M.2 PCIE/ 14 FHD IPS/ Win10) - Hàng Chính Hãng ,Acer,15729000.0,0.0,512.0,4.0,14.0,0.5,0.5,77
134,134,Laptop Asus VivoBook 14 A415EA-EB359T (Core i3-1115G4/ 4GB LPDDR4x 3733MHz Onboard/ 256GB SSD M.2 PCIE G3X4/ 14 FHD/ Win10) - Hàng Chính Hãng ,Asus,12319000.0,1.0,256.0,4.0,14.0,0.16150895812740937,0.8384910418725905,195
135,135,Laptop Asus Vivobook Flip TP412FA-EC609T (i5-10110U/8GB/512GB SSD/14FHD Touch/VGA ON/Win10/Gray/Pen)-Hàng chính hãng ,Asus,16990000.0,0.0,512.0,8.0,14.64,0.5,0.5,38
136,136,Laptop HP Probook 430 G7 9GQ10PA (Core i3-10110U/ 4GB DDR4/ 256GB SSD 13.3 HD/ Dos) - Hàng Chính Hãng ,HP,12499000.0,1.0,256.0,4.0,13.3,0.14995900680293864,0.8500409931970615,198
137,137,Laptop MSI GF63 Thin 9SCSR-846VN (Core i7-9750H/ 8GB DDR4 2666MHz/ 512GB SSD M.2 PCIE/ GTX 1650Ti 4GB GDDR5 with Max-Q/ 15.6 FHD IPS  144Hz/ Win10) - Hàng Chính Hãng ,MSI,22899000.0,1.0,512.0,8.0,15.6,0.14995900680293864,0.8500409931970615,86
138,138,Laptop MSI GF65 Thin 10SDR-623VN (Core i5-10300H/ 8GB DDR4 2666MHz/ 512GB SSD M.2 PCIE/ GTX 1660Ti 6GB GDDR6/ 15.6 FHD IPS  144Hz/ Win10) - Hàng Chính Hãng ,MSI,24999000.0,0.0,512.0,8.0,15.6,0.5,0.5,20
139,139,Laptop HP 15s-fq1105TU 193P7PA (Core i5-1035G1/ 8GB/ 512GB/ 15.6 FHD/ Win10) - Hàng Chính Hãng ,HP,15850000.0,0.0,512.0,8.0,15.6,0.5,0.5,21
140,140,Laptop Dell Vostro 3401 70227392 (Core i3-1005G1/ 4GB DDR4 2666MHz/ 256GB SSD M.2 PCIE/ 14 FHD/ Win10) - Hàng Chính Hãng ,Dell,11899000.0,0.0,256.0,1.0,14.0,0.5,0.5,172
141,141,Laptop HP 15-da1033TX 5NK26PA (Core i7-8565U/ 4GB DDR4 2400MHz/ 1TB HDD 5400rpm  x1 slot SSD M.2/ MX130 2GB/ 15.6 FHD/ Win10) - Hàng Chính Hãng ,HP,14899000.0,0.0,1.0,4.0,15.6,0.5,0.5,231
142,142,Laptop MSI GL75 Leopard 10SDR-495VN (Core i7-10750H/ 16GB (8GBx2) DDR4 2666MHz/ 512GB SSD M.2 PCIE/ GTX 1660Ti 6GB GDDR6/ 17.3 FHD IPS  144Hz/ Win10) - Hàng Chính Hãng ,MSI,30899000.0,0.0,179.6,512.0,17.3,0.5,0.5,1
143,143,Laptop HP 15s-du0038TX 6ZF72PA Core i5-8265U/ MX130 2GB/ Win10 (15.6 HD) - Hàng Chính Hãng ,HP,13699000.0,0.0,1.0,4.0,15.6,0.5,0.5,232
144,144,Microsoft Surface Pro 2018 - Core i5-8250U/8G/128GB - Hàng Chính Hãng ,Microsoft,22500000.0,9.0,128.0,8.0,12.3,0.4075409236831673,0.5924590763168328,220
145,145,Laptop Acer Nitro AN515-43-R4VJ NH.Q6ZSV.004 (AMD R7-3750H/ 8GB DDR4 2666MHz/ 512GB SSD M.2 PCIE/ GTX 1650 4GB GDDR5/ 15.6 FHD IPS/ Win10) - Hàng Chính Hãng ,Acer,19299000.0,0.0,512.0,8.0,15.6,0.5,0.5,22
146,146,Laptop Dell Gaming G3 3500 G3500A (Core i7-10750H/ 8GB (4GB x2) DDR4 3200MHz/ 512GB SSD M.2 PCIE/ GTX 1650Ti 4GB GDDR6/ 15.6 FHD IPS  120Hz/ Win10) - Hàng Chính Hãng ,Dell,25449000.0,0.0,512.0,8.0,15.6,0.5,0.5,23
147,147,Laptop Dell Vostro 3405 70227396 (AMD R7-3700U/ 8GB/ 512GB SSD/ 14 FHD/ Win10) - Hàng Chính Hãng ,Dell,15399000.0,1.0,512.0,8.0,14.0,0.6341287921286147,0.3658712078713852,35
148,148,"Microsoft Surface Laptop 3 (Core i5-1035G7/13"") - Hàng Nhập Khẩu ",Microsoft,27490000.0,2.0,128.0,8.0,13.0,0.42883535187331057,0.5711646481266895,213
149,149,Laptop Dell Vostro 7580 70159096 Core i7-8750H/ Win10 (15.6  FHD) - Hàng Chính Hãng ,Dell,27999000.0,0.0,128.0,8.0,15.6,0.5,0.5,210
150,150,Laptop Dell Inspiron 7306 N3I5202W (Core i5-1135G7/ 8GB (4GBx2) LPDDR3 4267MHz/ 512GB SSD M.2 PCIe NVMe/ 13.3 FHD/ Win10) - Hàng Chính Hãng ,Dell,25099000.0,0.0,512.0,8.0,13.3,0.5,0.5,67
151,151,"Laptop Acer Aspire A514-51-525E NX.H6VSV.002 Core i5-8250U/Free Dos (14"" FHD) - Hàng Chính Hãng ",Acer,11999000.0,0.0,1.0,4.0,14.0,0.5,0.5,242
152,152,Máy tính xách tay Lenovo ThinkPad X280 i5 Hàng chính hãng , Lenovo,20500000.0,0.0,256.4,8.0,14.84,0.5,0.5,135
153,153,Laptop MSI GF63 9SC-400VN (Core i5-9300H/ 8GB DDR4 2666MHz/ 256GB SSD M.2 PCIE/ GTX 1650 4GB GDDR5/ 15.6 FHD IPS/ Win10) - Hàng Chính Hãng ,MSI,18699000.0,0.0,256.0,8.0,15.6,0.5,0.5,133
154,154,Laptop ASUS D509DA-EJ167T (AMD R5-3500U/ 4GB DDR4 2400MHz/ 1TB x1 slot SSD M.2/ 15.6 FHD/ Win10) - Hàng Chính Hãng ,Asus,11099000.0,2.0,1.0,4.0,15.6,0.2682681368473127,0.7317318631526872,243
155,155,Laptop Acer Aspire 3 A315-54-368N NX.HM2SV.004 (Core i3-10110U/ 8GB DDR4 2133MHz/ 512GB SSD M.2 PCIE/ 15.6 FHD/ Win10) - Hàng Chính Hãng ,Acer,11629000.0,0.0,512.0,8.0,15.6,0.5,0.5,24
156,156,Laptop HP ProBook 450 G7 9LA53PA (Core i7-10510U/ 8GB DDR4 2666MHz/ 256GB SSD M.2 PCIe/ MX250 2GB/ 15.6 FHD/ Dos) - Hàng Chính Hãng ,HP,22499000.0,1.0,332.8,8.0,14.160000000000002,0.14995900680293864,0.8500409931970615,125
157,157,Laptop Asus TUF Gaming F15 FX506LI-HN096T (Core i7-10870H/ 8GB DDR4 3200MHz/ 512GB SSD M.2 PCIE G3X2/ GTX 1650Ti 4GB GDDR6/ 15.6 FHD IPS  144Hz/ Win10) - Hàng Chính Hãng ,Asus,25579000.0,0.0,512.0,8.0,15.6,0.5,0.5,25
158,158,Laptop Acer Nitro 5 2020 AN515-55-55E3 NH.Q7QSV.002 (Core i5-10300H/ 16GB DDR4 2933MHz/ 512GB SSD M.2 PCIE/ RTX 2060 6GB GDDR6 / 15.6 FHD IPS  144Hz  3ms/ Win10) - Hàng Chính Hãng ,Acer,29659000.0,0.0,512.0,16.0,15.6,0.5,0.5,7
159,159,Laptop Asus ROG Strix G15 G512L-VAZ301T (Core i7-10870H/ 16GB (8GBx2) DDR4 3200MHz/ 512GB SSD PCIE G3X4/ RTX 2060 6GB GDDR6/ 15.6 FHD IPS  240Hz  3ms/ Win10) - Hàng Chính Hãng ,Asus,35999000.0,0.0,512.0,16.0,15.6,0.5,0.5,8
160,160,Laptop Asus Vivobook 14 A412FJ-EK387T (Core i5-10210U/ 8GB DDR4 (4GBx2) 2400MHz/ 512GB SSD M.2 PCIE/ MX230 2GB GDDR5/ 14 FHD/ Win10) - Hàng Chính Hãng ,Asus,17190000.0,0.0,512.0,8.0,14.0,0.5,0.5,51
161,161,Laptop HP Pavilion 15-cs3008TU 8QP02PA (Core i3-1005G1/ 4GB/ 256GB SSD/ 15.6 FHD/ WIN10) - Hàng Chính Hãng ,HP,12399000.0,3.0,256.0,4.0,15.6,0.29452080916913176,0.7054791908308683,183
162,162,Laptop Acer Nitro AN515-43-R9FD NH.Q6ZSV.003 (AMD R5-3550H/ 8GB DDR4/ 512GB PCIe NVMe/ GTX1650 4GB/ 15.6 FHD IPS/ Win10) - Hàng Chính Hãng ,Acer,18059000.0,0.0,205.4,6.6,15.280000000000001,0.5,0.5,188
163,163,Laptop Asus TUF Gaming F15 FX506LI-HN039T (Core i5-10300H/ 8GB DDR4 2933MHz/ 512GB SSD M.2 PCIE G3X2/ GTX 1650Ti 4GB GDDR6/ 15.6 FHD IPS. 144Hz/ Win10) - Hàng Chính Hãng ,Asus,22269000.0,1.0,512.0,8.0,15.6,0.3698625024705632,0.6301374975294369,73
164,164,Laptop Dell Inspiron 3493 N4I7131W (Core i7-1065G7/ 8GB DDR4 2666MHz/ 512GB PCIe NVMe/ MX230 2GB/ 14 FHD/ Win10) - Hàng Chính Hãng ,Dell,19269000.0,1.0,512.0,8.0,14.0,0.5,0.5,70
165,165,Laptop Asus ROG Strix G15 G512L-UHN145T (Core i7-10750H/ 8GB DDR4 3200MHz/ 512GB SSD PCIE G3X4/ GTX 1660Ti 6GB GDDR6/ 15.6 FHD IPS  144Hz/ Win10) - Hàng Chính Hãng ,Asus,30399000.0,0.0,512.0,8.0,15.6,0.5,0.5,26
166,166,Laptop Acer Aspire 5 A514-53G-513J NX.HYWSV.001 (Core i5-1035G1/ 8GB (4GB x2) DDR4 2666MHz/ 512GB SSD M.2 PCIE/ MX350 2GB GDDR5/ 14 FHD IPS/ Win10) - Hàng Chính Hãng ,Acer,15999000.0,0.0,512.0,8.0,14.0,0.5,0.5,52
167,167,"Laptop HP ProBook 430 G6 5YN00PA Core i5-8265U/ Dos (13.3"" HD) - Hàng Chính Hãng ",HP,15399000.0,0.0,256.0,1.0,14.0,0.5,0.5,173
168,168,Laptop Gaming MSI GF63 Thin 9SC-070VN Core i7-9750H/GTX 1650 4GB/Win10 (15.6 FHD IPS) - Hàng Chính Hãng ,MSI,24499000.0,2.0,256.0,8.0,15.6,0.1788465484457036,0.8211534515542964,176
169,169,Laptop Acer Swift SF314-32-54-58KB NX.GXZSV.002 Core i5-8250U/Win10 (14 ) (Silver) - Hàng Chính Hãng ,Acer,14999000.0,1.0,256.0,4.0,14.0,0.1712625872317956,0.8287374127682045,192
170,170,Surface Pro 7 Core I5 Ram 8Gb Ssd 256Gb Brand New - Hàng chính hãng ( giao màu ngẫu nhiên ) ,Surface,28990000.0,0.0,256.4,12.8,16.0,0.5,0.5,128
171,171,Laptop Dell Inspiron N5593A (i7 1065G7/8GB RAM/512GB SSD/MX230 4G/15.6  FHD/Win 10/Bạc) - P90F002N93A- Hàng chính hãng ,Dell,22890000.0,0.0,512.0,8.0,14.819999999999999,0.5,0.5,36
172,172,Laptop HP ProBook 450 G7 9GQ43PA (Core i5-10210U/ 4GB DDR4 2666MHz/ 256GB SSD M.2 PCIE/ 15.6 FHD/ Dos) - Hàng Chính Hãng ,HP,16299000.0,0.0,256.0,4.0,15.6,0.5,0.5,149
173,173,Laptop Acer Aspire A514-53-3821 NX.HUSSV.001 (Core i3 1005G1/ 4GB RAM/ 256GB SSD/ 14 FHD/ Win10) - Hàng Chính Hãng ,Acer,11209000.0,0.0,305.0,4.0,14.0,0.5,0.5,126
174,174,Laptop Dell Vostro V3578 NGMPF11 Core i7-8550U/Win10 (15.6 ) - Black - Hàng Chính Hãng ,Dell,17999000.0,1.0,1.0,8.0,15.6,0.5316403147389059,0.4683596852610941,227
175,175,Laptop Dell Vostro 3405 V4R53500U003W (AMD R5-3500U/ 8GB (1x8GB) DDR4 2400Mhz/ 512SSD M2 PCIe NVMe/ 14 FHD/ Win10) - Hàng Chính Hãng ,Dell,13399000.0,0.0,512.0,8.0,14.0,0.5,0.5,53
176,176,Laptop Acer Nitro 5 2020 AN515-55-77P9 NH.Q7NSV.003 (Core i7-10750H/ 8GB DDR4 2933MHz/ 512GB SSD M.2 PCIE/ GTX 1650Ti 4GB GDDR6/ Win10) - Hàng Chính Hãng ,Acer,26989000.0,0.0,512.0,8.0,15.6,0.5,0.5,27
177,177,Laptop Acer Swift 3X SF314-510G-5742 NX.A10SV.003 (Core i5-1135G7/ 16GB LPDDR4X 4266MHz/ 1TB SSD M.2 PCIE Gen3x4/ 14 FHD IPS/ Win10) - Hàng Chính Hãng ,Acer,25199000.0,0.0,1.0,16.0,14.0,0.5,0.5,223
178,178,Laptop Acer Predator Helios 300 PH315-53-70U6 NH.Q7YSV.002 (Core i7-10750H/ 16GB (8GBx2) DDR4 3200MHz/ 512GB SSD M.2 PCIE G3X4/ RTX 2060 6GB GDDR6/ 15.6 FHD IPS  240Hz  3ms/ Win10) - Hàng Chính Hãng ,Acer,40499000.0,0.0,512.0,16.0,15.6,0.5,0.5,9
179,179,Laptop MSI GF75 Thin 9RCX-432VN (Core i5-9300H/ 8GB DDR4 2666MHz/ 256GB SSD M.2 PCIE/ GTX 1050Ti 4GB/ 17.3 FHD IPS/ Win10) - Hàng Chính Hãng ,MSI,21900000.0,1.0,256.0,8.0,17.3,0.11829400266212582,0.8817059973378741,171
180,180,Laptop Lenovo Ideapad S145-14API 81UV00A0VN (AMD Ryzen R3-3200U/ 4GB DDR4 2400MHz/ 256GB M.2 2242 PCIe NVMe/ 14 FHD/ Win10) - Hàng Chính Hãng ,Lenovo,9250000.0,0.0,256.0,4.0,14.0,0.5,0.5,167
181,181,Laptop HP Envy x360 Convertible 13-ar0116AU 9DS89PA (AMD R7-3700U/ 8GB DDR4 2400MHz Onboard/ 512GB PCIe NVMe/ 13.3 FHD IPS/ Win10) - Hàng Chính Hãng ,HP,26279000.0,0.0,512.0,8.0,13.3,0.5,0.5,68
182,182,Laptop Acer Predator Helios 300 PH315-53-770L NH.Q7XSV.002 (Core i7-10750H/ 8GB DDR4 2933MHz/ 512GB SSD M.2 PCIE G3X4/ GTX 1660Ti 6GB GDDR6/ 15.6 FHD IPS  144Hz  3ms/ Win10) - Hàng Chính Hãng ,Acer,34299000.0,0.0,512.0,8.0,15.6,0.5,0.5,28
183,183,Laptop MSI GF63 Thin 9SCSR-1057VN (Core i5-9300H/ 8GB DDR4 2666MHz/ 512GB SSD M.2 PCIE/ GTX 1650Ti 4GB GDDR6 with Max-Q Design/ 15.6 FHD IPS  144Hz/ Win10) - Hàng Chính Hãng ,MSI,20049000.0,0.0,512.0,8.0,15.6,0.5,0.5,29
184,184,Laptop HP Pavilion Gaming 15-dk1083TX 206R0PA (Core i5-10300H/ 8GB DDR4 3200MHz/ 512GB SSD M.2 PCIE/ GTX 1650 4GB GDDR6/ 15.6 FHD IPS  144Hz/ Win10) - Hàng Chính Hãng ,HP,22411000.0,0.0,512.0,8.0,15.6,0.5,0.5,30
185,185,"Laptop Acer Aspire A515-53G-564C NX.H82SV.001 Core i5-8265U/Free Dos (15.6"" FHD) - Hàng Chính Hãng ",Acer,12699000.0,0.0,1.0,4.0,15.6,0.5,0.5,233
186,186,Laptop Dell Vostro 3578 V3578B Core i5-8250U/ Win10 (Black) - Hàng Chính Hãng ,Dell,15099000.0,0.0,1.0,4.0,15.6,0.5,0.5,234
187,187,Máy tính laptop Surface Book 2 15  Core I7 Ram 16Gb 1Tb (New) - Hàng chính hãng ,Surface,69900000.0,0.0,460.8,16.0,14.819999999999999,0.5,0.5,79
188,188,Laptop Asus VivoBook TP412FA-EC599T (i3 10110U/4GB RAM/512GB SSD/14 Touch FHD/Win10/Bút/Bạc Xanh)-Hàng chính hãng ,Asus,13199000.0,0.0,512.0,4.8,14.64,0.5,0.5,72
189,189,Laptop Dell Latitude 3400 (L3400I5HDD) (Black) - hàng chính hãng ,Dell,15000000.0,0.0,307.4,4.0,15.279999999999998,0.5,0.5,124
190,190,Laptop Asus Vivobook 15 X509JA-EJ427T (Core i3-1005G1/ RAM 4GB DDR4 2400MHz/ 512GB SSD M.2 PCIE G3X2/ 15.6 FHD/ Win10) - Hàng Chính Hãng ,Asus,10609000.0,0.0,512.0,4.0,15.6,0.5,0.5,62
191,191,Laptop Acer Aspire 3 A315-55G-504M NX.HNSSV.006 (Core i5-10210U/ 4GB DDR4/ SSD 512GB/ MX230 2GB/ 15.6 FHD/ Win10) - Hàng Chính Hãng ,Acer,14989000.0,1.0,512.0,4.0,15.6,0.14995900680293864,0.8500409931970615,93
192,192,Laptop Dell Inspiron 5584 N5I5353W Core i5-8265U/ MX130/ Win10 (15 FHD) - Hàng Chính Hãng ,Dell,17999000.0,0.0,2.0,1.0,15.6,0.5,0.5,239
193,193,Laptop Acer Aspire 5 A514-53-346U NX.HUSSV.005 (Core i3-1005G1/ 4GB RAM/ 512GB SSD/ 14 FHD/ Win 10) - Hàng Chính Hãng ,Acer,13159000.0,1.0,307.4,4.0,14.0,0.2764305458091081,0.7235694541908918,131
194,194,Laptop Acer Swift 5 SF514-52T-50G2 NX.GTMSV.001 Core i5-8250U/ Win10 14  (Blue) - Hàng Chính Hãng ,Acer,23399000.0,1.0,256.0,8.0,14.0,0.18961051215176933,0.8103894878482305,178
195,195,"Laptop Acer Swift 5 SF514-53T-740R NX.H7KSV.002 Core i7-8565U/Win10 (14"" FHD IPS Touch) - Hàng Chính Hãng ",Acer,20190000.0,0.0,256.0,8.0,14.0,0.5,0.5,140
196,196,Laptop HP 240 G7 i3-1005G1 / 4GD4 / 256GSSD / 14.0HD / Wlac / BT4.2 / 3C41WHr / XÁM/WIN10_3S004PA_D - Hàng chính hãng ,HP,9990000.0,0.0,256.0,4.0,14.319999999999999,0.5,0.5,162
197,197,LapTop Lenovo ThinkBook 15 IIL 20SM00D9VN | Core i3 _ 1005G1 | 4GB | 512GB SSD PCIe | Win 10 | 15 6'' FHD IPS | Hàng Chính Hãng ,Lenovo,11900000.0,0.0,512.0,4.0,14.319999999999999,0.5,0.5,75
198,198,Surface Pro 6 Intel Core I7 Ram 16Gb Ssd 512Gb (New)- Hàng chính hãng ,Surface,39490000.0,0.0,460.8,8.0,14.479999999999999,0.5,0.5,99
199,199,Surface Pro 7 Core I5 Ram 8Gb Ssd 256Gb Brand New - Nhập Khẩu ,Surface,31890000.0,0.0,307.4,8.0,16.279999999999998,0.5,0.5,122
200,200,Laptop HP ProBook 450 G6 (Intel Core I5-8265U 4 RAM DDR4 500GB HDD 15.6 FHD Free DOS Sliver - 6FG97PA) -Hàng Chính Hãng ,HP,13550000.0,0.0,500.0,4.0,15.6,0.5,0.5,78
201,201,Laptop Avita Liber V14 NS14A8VNW561-UGAB (AMD R7-3700U/ 8GB DDR4 2400MHz/ 512GB SSD M.2 SATA/ 14 FHD IPS/ Win10) - Hàng Chính Hãng ,Avita,14839000.0,0.0,512.0,8.0,14.0,0.5,0.5,54
202,202,"Bộ Dán Macbook 5 in 1 JCPAL Cho MB Air 13"" 2018-2019(Gold) - Hàng Chính Hãng ",JCPAL,749000.0,1.0,205.0,54.4,14.64,0.14995900680293864,0.8500409931970615,121
203,203,Laptop Acer Aspire A315-56-59XY NX.HS5SV.003 (Core i5 1035G1/ 4GB RAM/ 256GB SSD/ 15.6 FHD/ Win 10) - Hàng Chính Hãng ,Acer,13199000.0,0.0,256.0,4.0,15.6,0.5,0.5,150
204,204,Laptop Acer Predator Helios 300 PH315-52-75R6 NH.Q54SV.003 (Core i7-9750H/ 16GB DDR4 2666MHz/ 512GB SSD M.2 PCIE G3X4/ RTX 2060 6GB/ 15.6 FHD IPS  144Hz  3ms/ Win10) - Hàng Chính Hãng ,Acer,41799000.0,0.0,512.0,16.0,15.6,0.5,0.5,10
205,205,Laptop HP Pavilion Gaming 15-ec1056AX 1N1J6PA (AMD Ryzen 7 4800H/ 8GB DDR4 3200MHz/ 512GB SSD M.2 PCIE/ GTX 1650 4GB GDDR6/ 15.6 FHD IPS  144Hz/ Win10) - Hàng Chính Hãng ,HP,24799000.0,0.0,512.0,8.0,15.6,0.5,0.5,31
206,206,Microsoft Surface Laptop Core i5 / Win10 S 13.5  8GB RAM (Đỏ) - Hàng Nhập Khẩu ,Microsoft,27700000.0,0.0,256.0,8.0,13.5,0.5,0.5,153
207,207,Laptop HP Pavilion 15-cs2057TX 6YZ20PA Core i5-8265U/ MX130 2GB/ Win10 (15.6 FHD) - Grey - Hàng Chính Hãng ,HP,14119000.0,0.0,1.0,4.0,15.6,0.5,0.5,235
208,208,Microsoft Surface Pro 2018 - Core i7-8650U/8G/256GB (KJU-00016) - Hàng Chính Hãng ,Microsoft,38080000.0,0.0,256.0,8.0,12.3,0.5,0.5,160
209,209,Laptop Lenovo Ideapad S340 14IIL (81VV003VVN). Intel Core I3 1005G1 (15.6 ) - Hàng Nhập Khẩu ,Lenovo,10790000.0,0.0,512.0,8.0,15.6,0.5,0.5,32
210,210,"Laptop HP ProBook 450 G6 6FG83PA Core i7-8565U/MX130/Dos (15.6"" FHD) - Hàng Chính Hãng ",HP,22699000.0,0.0,256.0,8.0,14.0,0.5,0.5,141
211,211,Surface Book 2 13  Core I5 Ram 8Gb Ssd 128Gb (New) - Hàng chính hãng ,Surface,33000000.0,0.0,409.6,11.2,15.940000000000001,0.5,0.5,109
212,212,Laptop Dell Gaming G7 7500 G7500A (Core i7-10750H/ 16GB (8GB x2) DDR4 3200MHz/ 512GB SSD M.2 PCIe/ RTX 2060 6GB GDDR6/ 15.6 FHD WVA  144Hz/ Win10) - Hàng Chính Hãng ,Dell,39359000.0,0.0,512.0,16.0,15.6,0.5,0.5,11
213,213,Laptop Asus VivoBook 15 A512DA-EJ1448T (AMD R3-3250U/ 4GB DDR4/ 512GB PCIe/ 15.6 FHD/ Win10) - Hàng Chính Hãng ,Asus,11890000.0,0.0,512.0,4.0,15.6,0.5,0.5,63
214,214,Combo Laptop AVITA LIBER V 14 màu thiên thần xanh + Balo - Hàng chính hãng ,Avita,16900000.0,0.0,512.0,8.0,14.319999999999999,0.5,0.5,39
215,215,Laptop Dell Vostro 5301 V3I7129W (Core i7-1165G7/ 8GB LPDDR4X/ 512GB M.2 PCIe NVMe/ MX350 2GB/ 13.3 FHD/ Win10) - Hàng Chính Hãng ,Dell,24009000.0,0.0,512.0,8.0,13.3,0.5,0.5,69
216,216,Laptop Asus ExpertBook B9450FA-BM0324T (Core i5-10210U/ 8GB LDDR3/ 512GB SSD PCIE G3X4/ 14 FHD IPS/ Win10) - Hàng Chính Hãng ,Asus,35839000.0,0.0,512.0,8.0,14.0,0.5,0.5,55
217,217,Dell Inspiron 5584Y : i7-8565U | 8GB RAM | 1TB HDD + 128GB SSD | GeForce MX130 4GB | 15.6 FHD | Win10 | Silver - Hàng chính hãng ,Dell,20300000.0,0.0,307.4,8.0,14.319999999999999,0.5,0.5,123
218,218,"Laptop HP ProBook 440 G6 6FG85PA Core i5-8265U/MX130 2GB/Dos (14"" FHD) - Hàng Chính Hãng ",HP,16999000.0,0.0,500.0,4.0,14.0,0.5,0.5,82
219,219,Laptop Dell Gaming G5 5500 70228123 (Core i7-10750H/ 16GB (8GB x2) DDR4 3200MHz/ 512GB SSD M.2 PCIe/ RTX 2060 6GB GDDR6/ 15.6 FHD WVA  144Hz/ Win10) - Hàng Chính Hãng ,Dell,33089000.0,0.0,512.0,16.0,15.6,0.5,0.5,12
220,220,Laptop Acer Aspire A514-52-516K NX.HMHSV.002 Core i5-10210U/ Win10 (14 FHD) - Hàng Chính Hãng ,Acer,13600000.0,0.0,256.0,4.0,14.0,0.5,0.5,168
221,221,Laptop MSI Modern 14 B11SB-074VN (Core i5-1135G7/ 8GB DDR4 3200MHz/ 512GB PCIe NVMe/ MX450 2GB GDDR5/ 14 FHD IPS/ Win10) - Hàng Chính Hãng ,MSI,21199000.0,0.0,512.0,8.0,14.0,0.5,0.5,56
222,222,Laptop Dell Latitude 5400 70194817 (Core i5-8365U/ 8GB RAM/ 256GBSSD/ 14 FHD/ Dos) - Hàng Chính Hãng ,Dell,18990000.0,0.0,256.0,8.0,14.0,0.5,0.5,142
223,223,"LapTop Lenovo ThinkBook 14 IIL 20SL00HNVN | Core i3 _ 1005G1 | 4GB | 512GB SSD PCIe | Win 10 | 14"" FHD | Hàng Chính Hãng ",Lenovo,12300000.0,0.0,512.0,4.0,14.5,0.5,0.5,74
224,224,Laptop Dell Inspiron 5593 70196703 Core i3-1005G1/ Win10 (15.6 FHD) - Hàng Chính Hãng ,Dell,12190000.0,3.0,128.0,4.0,15.6,0.3737391738999725,0.6262608261000276,215
225,225,Microsoft Surface Pro 2018 - Core i5-8250U/8G/256GB - Hàng Chính Hãng ,Microsoft,27445000.0,6.0,256.0,8.0,12.3,0.38485158577402095,0.615148414225979,196
226,226,Laptop Acer Swift 3 SF314-58-55RJ NX.HPMSV.006 (Core i5-10210U/ 8GB (4GB x2) DDR4 2400MHz/ 512GB SSD M.2 PCIe NVMe/ 14 FHD IPS/ Win10) - Hàng Chính Hãng ,Acer,16690000.0,0.0,512.0,8.0,14.0,0.5,0.5,57
227,227,"Laptop HP EliteBook 845 G7 (AMD R7 PRO 4750U 16GB RAM 512GB SSD AMD Graphics 14""FHD Fingerprint Win 10 Pro Silver)_231A0PA - Hàng Chính Hãng ",HP,32990000.0,0.0,512.0,16.0,14.0,0.5,0.5,15
228,228,Laptop Acer Aspire 3 A315-23G-R33Y NX.HVSSV.001 (AMD R5 3500U/ 4GB DDR4/ 512GB PCIe NVMe/ 15 HFD/ Win10) - Hàng Chính Hãng ,Acer,14199000.0,0.0,512.0,4.0,15.6,0.5,0.5,64
229,229,Laptop Acer Swift 5 SF514-55T-51NZ NX.HX9SV.002 (Core i5-1135G7/ 8GB LPDDR4x 4267MHz/ 512GB PCIe NVMe SSD/ 14 FHD IPS Touch/ Win10) - Hàng Chính Hãng ,Acer,24299000.0,0.0,512.0,8.0,14.0,0.5,0.5,58
230,230,Laptop HP 15s-du0068TX 8AG28PA Core i5-8265U/ MX130 2GB/ Win10 (15.6 HD) - Hàng Chính Hãng ,HP,15299000.0,0.0,1.0,8.0,15.6,0.5,0.5,225
231,231,Laptop Avita Liber V14 NS14A8VNF561-SGB (Core i5-10210U / 8GB DDR4 2400MHz/ 512GB SSD M.2 SATA/ 14 FHD/ Win10) - Hàng Chính Hãng ,Avita,15769000.0,0.0,512.0,8.0,14.0,0.5,0.5,59
232,232,"Laptop HP Pavilion Gaming 15-dk1086TX (Core i7-10750H 8GB RAM 512GB SSD GF GTX 1650Ti 4GB 15.6""FHD 3cell Win 10 Home 64 Black)_206R3PA - Hàng Chính Hãng ",HP,27499000.0,0.0,512.0,8.0,13.679999999999998,0.5,0.5,61
233,233,Đế dựng dành cho Laptop  MacBoook Air/Pro  Dell XPS  Surface Laptop TOMTOC nhôm cao cấp - B4-002S - hàng chính hãng ,Tomtoc,999000.0,0.0,205.0,4.0,14.64,0.5,0.5,200
234,234,"Laptop Dell V3590 i5 10210U/8Gb/256Gb/15.6""FHD/AMD 610 2Gb/DVDSup/Win10 - Hàng Chính Hãng ",Dell,15250000.0,0.0,256.0,8.0,15.6,0.5,0.5,134
235,235,Microsoft Surface Laptop 2 - Core i5-8250U/RAM 8GB/ SSD 128GB - Hàng Chính Hãng ,Microsoft,30200000.0,0.0,128.0,12.8,14.819999999999999,0.5,0.5,209
236,236,Combo Laptop AVITA LIBER V 14 màu đám mây bạc + Balo - Hàng chính hãng ,Avita,16900000.0,0.0,512.0,8.0,14.319999999999999,0.5,0.5,40
237,237,Laptop Acer Aspire 3 A315-55G-59BC NX.HNSSV.003 (Core i5-10210U/ 4GB DDR4 2400MHz/ 256GB SSD M.2 PCIE/ MX230 2GB/ 15.6 FHD/ Win10) - Hàng Chính Hãng ,Acer,14379000.0,0.0,358.6,4.0,15.280000000000001,0.5,0.5,119
238,238,Laptop MSI GF63 Thin 9SCSR-829VN (Core i5-9300H/ 8GB DDR4 2666MHz/ 512GB SSD M.2 PCIE/ GTX 1650Ti 4GB GDDR6 with Max-Q/ 15.6 FHD IPS  144Hz/ Win10) - Hàng Chính Hãng ,MSI,21209000.0,0.0,512.0,8.0,15.6,0.5,0.5,33
239,239,Microsoft Surface Laptop 2 - Core i5-8250U/RAM 8GB/ SSD 256GB - Hàng Chính Hãng ,Microsoft,31900000.0,0.0,256.0,110.4,16.279999999999998,0.5,0.5,5
240,240,Laptop Acer Aspire 5 A515-55-37HD NX.HSMSV.006 (Core i3-1005G1/ 4GB DDR4/ 256GB PCIe NVMe/ 15.6 FHD/ Win10) - Hàng Chính Hãng ,Acer,12519000.0,0.0,256.0,4.0,15.6,0.5,0.5,151
241,241,Laptop Avita Liber V14 NS14A8VNR571-CGB (Core i7-10510U/ 8GB DDR4 2400MHz/ 1TB SSD M.2 SATA/ 14 FHD IPS/ Win10) - Hàng Chính Hãng ,Avita,20399000.0,0.0,1.0,8.0,14.0,0.5,0.5,229
242,242,Laptop HP 15s-fq2027TU 2Q5Y3PA (Core i5-1135G7/ 8GB DDR4 2666MHz/ 512GB PCIe NVMe/ 15.6 SVA/ Win10) - Hàng Chính Hãng ,HP,16229000.0,0.0,512.0,8.0,15.6,0.5,0.5,34
243,243,Laptop Asus Vivobook Flip TP412FA-EC608T (i3-10110U/4GB/512GB SSD/14FHD Touch/VGA ON/Win10/Gray/Pen) - Hàng chính hãng ,Asus,13390000.0,0.0,512.0,8.0,14.179999999999998,0.5,0.5,42
244,244,Laptop Acer Aspire 3 A315-54-34U1 NX.HM2SV.007 (Core i3-10110U/ 4GB DDR4 2133MHz/ 256GB SSD M.2 PCIE/ 15.6 HD/ Win10) - Hàng Chính Hãng ,Acer,9790000.0,0.0,256.0,4.0,15.6,0.5,0.5,152
245,245,Laptop Acer Swift 5 SF514-52T-87TF NX.GTMSV.002 Core i7-8550U/ Win10 (14 ) - Hàng Chính Hãng ,Acer,20190000.0,0.0,256.0,8.0,14.0,0.5,0.5,143
246,246,Laptop Acer Aspire E5-576G-57Y2 (NX.GSBSV.001). intel Core I5 8250U - Hàng Nhập Khẩu ,Acer,10990000.0,0.0,1.0,4.0,15.280000000000001,0.5,0.5,237
247,247,Laptop MSI GP65 Leopard 9SD-224VN (Core i7-9750H/ 16GB DDR4 2666MHz/ 512GB SSD PCIE/ GTX 1660Ti 6GB/ 15.6 FHD IPS 144Hz  3ms/ Win10) - Hàng Chính Hãng ,MSI,37990000.0,0.0,512.0,16.0,15.6,0.5,0.5,13
248,248,Combo Laptop AVITA LIBER V 14 màu đen mờ + Balo - Hàng chính hãng ,Avita,16900000.0,0.0,512.0,8.0,14.319999999999999,0.5,0.5,41
249,249,Laptop Acer Swift 3 SF314-56G-78QS NX.HAQSV.001 (Core i7-8565U/ 8GB (4GB x2) DDR4 2133MHz/ 512GB PCIe NVMe SSD/ MX250 2GB/ 14 FHD IPS/ Win10) - Hàng Chính Hãng ,Acer,23489000.0,0.0,512.0,8.0,14.0,0.5,0.5,60
250,250,Surface Book 2 15  Core I7 Ram 16Gb 512Gb (New) - Hàng chính hãng ,Surface,62500000.0,0.0,460.8,62.4,14.819999999999999,0.5,0.5,4
251,251,Apple Macbook Air 2018 Core i5/ 8GB/ 128GB - Nhập Khẩu Chính Hãng ,Apple,24059000.0,34.0,128.0,8.0,13.3,0.37429400711802085,0.6257059928819793,250
