,index,name,brand,price,number_of_comment,weight(g),camera(mp),Negative,Positive,rank
0,0,Máy Ảnh Lấy Liền Fujifilm Instax Mini 11-Hàng Chính Hãng,Fujifilm,1890000.0,59.0,293.0,90.2,0.17331650590801573,0.8266834940919843,195
1,1,Máy Ảnh Canon EOS 3000D + Lens EF-S 18 - 55mm III (Lê Bảo Minh) - Hàng Chính hãng,Canon,7290000.0,63.0,436.0,190.2,0.2821773516386625,0.7178226483613376,197
2,2,Máy Ảnh Fujifilm X-T200 + Lens 15-45mm (24.2MP) - Hàng Chính Hãng,Fujifilm,15290000.0,22.0,370.0,174.2,0.15827318664993645,0.8417268133500636,185
3,3,Máy Ảnh Canon Powershot G7X Mark II – Đen – Hàng Chính Hãng,Canon,10490000.0,18.0,326.2,242.6,0.24840443385505695,0.7515955661449432,181
4,4,Máy Ảnh Fujifilm X-A7 + Lens 15-45mm - Hàng Chính Hãng,Fujifilm,11990000.0,30.0,273.2,234.4,0.29128440740595773,0.7087155925940424,189
5,5,Máy ảnh lấy liền Fujifilm Instax Mini LiPlay - Hàng chính hãng,Fujifilm,3590000.0,56.0,255.0,90.2,0.22975459262506698,0.7702454073749331,194
6,6,Máy Ảnh Fujifilm X-T30 + Lens 18-55mm - Hàng Chính Hãng,Fujifilm,23900000.0,24.0,372.4,261.0,0.20780403559018268,0.7921959644098172,187
7,7,Máy Ảnh Sony Alpha A6000 + 16-50mm - Hàng Chính Hãng,Sony,11990000.0,193.0,258.0,243.0,0.31817830073756626,0.6818216992624344,201
8,8,Máy Ảnh Sony DSC H300 - 20.1 Megapixel  Zoom 35x - Hàng Chính Hãng,Sony,3490000.0,178.0,590.0,201.0,0.29981321728318966,0.70018678271681,200
9,9,Máy Ảnh Canon EOS M50 + Kit 15-45mm (24.1MP) - Hàng Chính hãng,Canon,16590000.0,94.0,387.0,24.0,0.28678861183384985,0.7132113881661504,199
10,10,Máy Ảnh Fujifilm X-T3 + Lens 18-55mm (26.1MP) - Hàng Chính Hãng,Fujifilm,34990000.0,8.0,539.0,261.0,0.29951879845213814,0.700481201547862,168
11,11,Máy Ảnh Selfie Lấy Liền Fujifilm Instax Mini 9 - Cobalt Blue - Hàng Chính Hãng,Fujifilm,1399000.0,12.0,307.0,90.2,0.3510265780012419,0.6489734219987581,178
12,12,Máy Ảnh Sony Alpha A6000 (Body) - Hàng Chính Hãng,Sony,9790000.0,35.0,258.0,243.0,0.3057350079492237,0.6942649920507761,193
13,13,Máy in ảnh cầm tay Fujifilm Instax Mini Link - Hàng Chính Hãng,Fujifilm,2690000.0,8.0,255.0,90.2,0.3274454353599877,0.6725545646400123,172
14,14,Máy Ảnh Fujifilm X-T3 Body (26.1MP) - Hàng Chính Hãng,Fujifilm,33990000.0,6.0,539.0,261.0,0.1511174964818293,0.8488825035181709,148
15,15,Máy Ảnh Lấy Liền Fujifilm Instax Square SQ20 - Hàng Chính Hãng,Fujifilm,4290000.0,23.0,440.0,90.2,0.29063148645894515,0.7093685135410548,188
16,16,Máy Ảnh Sony Alpha A6400 Body - Hàng Chính Hãng,Sony,19490000.0,17.0,403.0,230.0,0.40645905988943176,0.5935409401105682,182
17,17,Máy Ảnh Canon EOS M200 KIT 15-45mm - Hàng Chính Hãng,Canon,11490000.0,8.0,342.8,242.6,0.18305434202577645,0.8169456579742236,167
18,18,Máy Ảnh Sony Alpha A6400 Body + Lens 16-50mm (Black) - Hàng Chính Hãng,Sony,21990000.0,30.0,403.0,230.0,0.37490705125526314,0.6250929487447369,191
19,19,Máy Ảnh Nikon D3500 KIT 18-55 VR (24.2MP) - Hàng Chính Hãng,Nikon,10280000.0,12.0,365.0,242.0,0.48334610857743965,0.5166538914225604,174
20,20,Máy Ảnh Canon PowerShot SX430 IS (Lê Bảo Minh) - Hàng Chính Hãng,Canon,6400000.0,15.0,323.0,146.0,0.19142862124415214,0.808571378755848,179
21,21,Đồ Chơi Máy chụp hình thông minh - vàng cá tính cho bé Clever Hippo YT011/YL,CLEVER HIPPO,799000.0,4.0,305.4,90.2,0.3194979192110163,0.6805020807889837,165
22,22,Máy Ảnh Fujifilm X-T200 Body (24.2MP) - Hàng Chính Hãng,Fujifilm,15990000.0,3.0,436.4,174.2,0.2830738230326894,0.7169261769673106,126
23,23,Máy Ảnh Sony Alpha A6000 + 16-50mm - Xám - Hàng chính hãng,Sony,11990000.0,66.0,258.0,243.0,0.34840015324607265,0.6515998467539273,198
24,24,Máy Ảnh Chụp Hình Mini Cho Bé,OEM,199000.0,11.0,305.4,90.2,0.2631161369272277,0.7368838630727723,175
25,25,Máy Ảnh Fujifilm X-T30 Body - Hàng Chính Hãng,Fujifilm,17990000.0,5.0,670.2,261.0,0.39651021803010694,0.603489781969893,155
26,26,Máy Ảnh Sony DSC W830 - 20.1 Megapixel  Zoom 8x - Hàng Chính Hãng,Sony,2390000.0,60.0,201.0,90.2,0.26006392056338784,0.7399360794366122,196
27,27,Máy Ảnh Sony Alpha A7C Body -Hàng chính hãng,Sony,40990000.0,0.0,509.0,266.0,0.5,0.5,31
28,28,Máy In Ảnh Fujifilm INSTAX SHARE SP-3 - Hàng Chính Hãng,Fujifilm,4490000.0,3.0,375.4,90.2,0.2886117200330633,0.7113882799669367,157
29,29,Máy Ảnh Canon EOS 6D MARK II Body - Hàng Chính Hãng,Canon,31990000.0,6.0,685.0,278.0,0.1569932734397725,0.8430067265602275,146
30,30,Máy Chụp Ảnh Mini Cho Bé Nhiều Màu Sắc Dùng Thẻ Nhớ Không Dùng FILM  Hỗ Trợ Ngôn Ngữ Tiếng Việt - Hàng Nhập Khẩu,OEM,149000.0,17.0,305.4,90.2,0.3940479535802066,0.6059520464197934,184
31,31,Máy Ảnh Sony Alpha A7 Mark II Body - Hàng chính hãng,Sony,21500000.0,13.0,599.0,243.0,0.3568450420130108,0.6431549579869891,176
32,32,Máy Ảnh Fujifilm Instax Mini 90 Neo - Hàng Chính Hãng,Fujifilm,3490000.0,14.0,296.0,90.2,0.2024155825730527,0.7975844174269474,180
33,33,Máy Ảnh Sony Alpha A7 Mark II + Lens 28-70mm - Hàng Chính Hãng,Sony,27990000.0,30.0,599.0,243.0,0.40259215745369753,0.5974078425463024,190
34,34,Máy Ảnh Canon IXUS 190 - Hàng Chính Hãng - Đen,Canon,3990000.0,4.0,375.4,90.2,0.24272649847814418,0.7572735015218557,162
35,35,Máy ảnh Sony Cybershot DSC-W830 - Hàng chính hãng,Sony,2590000.0,3.0,165.6,90.2,0.11972902838966826,0.8802709716103316,147
36,36,Máy Ảnh Canon 6D Body (Lê Bảo Minh) - Hàng Chính Hãng,Canon,22990000.0,13.0,750.0,202.0,0.23172548847292132,0.7682745115270786,173
37,37,Máy Ảnh Canon EOS 800D KIT 18-55mm - Hàng Chính Hãng,Canon,15990000.0,0.0,532.0,174.2,0.5,0.5,111
38,38,Đồ chơi Máy ảnh mini kỹ thuật số cho trẻ em,OEM,170000.0,3.0,305.4,90.2,0.35624349783022136,0.6437565021697786,160
39,39,Máy Ảnh Sony Alpha A6600 - Hàng Chính Hãng,Sony,29990000.0,1.0,481.4,196.4,0.17802445442110554,0.8219755455788944,26
40,40,Máy Ảnh Canon 77D + Lens 18-55mm IS STM - Hàng Chính Hãng,Canon,19990000.0,4.0,540.0,230.0,0.23218627275537568,0.7678137272446243,125
41,41,Máy Ảnh Canon EOS R Body - Hàng Chính Hãng,Canon,40990000.0,1.0,660.0,266.0,0.15213554982749167,0.8478644501725082,4
42,42,Máy Ảnh Fujifilm X-S10 Body - Hàng Chính Hãng,Fujifilm,22990000.0,0.0,446.4,196.6,0.5,0.5,83
43,43,Máy Ảnh Fujifilm X-T20 (24.3MP) + Lens 15-45mm - Hàng Chính Hãng,Fujifilm,19190000.0,0.0,468.8,230.0,0.5,0.5,60
44,44,Hộp Phim Fujifilm Instax Mini Square (20 Tấm) - Hàng Chính Hãng,Fujifilm,550000.0,7.0,305.4,90.2,0.3999949097605397,0.6000050902394604,171
45,45,Máy Ảnh Canon EOS 3000D + Lens EF-S 18 - 55mm III - Hàng Chính Hãng (Tặng Kèm Thẻ Nhờ Và Túi Đựng Máy Ảnh),Canon,7800000.0,2.0,436.0,234.4,0.14158142829922432,0.8584185717007757,27
46,46,Máy ảnh Ricoh GR III (Hàng Chính Hãng), Ricoh,21490000.0,0.0,429.4,230.0,0.5,0.5,61
47,47,Máy Ảnh Fujifilm X-T20 (24.3MP) + Lens 16-50mm - Hàng Chính Hãng,Fujifilm,19190000.0,3.0,495.2,230.0,0.3618241193868481,0.638175880613152,123
48,48,Máy chụp hình mini Kỹ thuật số cho bé Promax Baby Cute Cartoon Gifts (Hàng nhập khẩu),Promax,299000.0,2.0,305.4,90.2,0.36135591964612856,0.6386440803538713,150
49,49,Máy Ảnh Fujifilm X-S10 + Lens 18-55mm - Hàng Chính Hãng,Fujifilm,31990000.0,0.0,501.6,278.0,0.5,0.5,23
50,50,Máy Ảnh Sony A7R II - Hàng Chính Hãng,Sony,38000000.0,2.0,582.0,424.0,0.43475065597996326,0.5652493440200368,5
51,51,Canon EOS 5DS Body (Lê Bảo Minh) - Hàng Chính Hãng,Canon,78000000.0,0.0,845.0,506.0,0.5,0.5,1
52,52,Máy in ảnh Mini Canon PV-123 Xám-Hàng chính hãng,Canon,990000.0,0.0,305.4,90.2,0.5,0.5,129
53,53,Máy Ảnh Sony RX100 III (Chính Hãng),Sony,14990000.0,2.0,263.0,201.0,0.29239182465076774,0.7076081753492324,110
54,54,Máy Ảnh Fujifilm X-T100 + Lens 15-45mm (24.2MP) - Hàng Chính Hãng,Fujifilm,15490000.0,35.0,448.0,242.0,0.2977422013998864,0.7022577986001138,192
55,55,Máy Ảnh Sony HDR-CX405 - Hàng Chính Hãng,Sony,5690000.0,0.0,190.0,137.8,0.5,0.5,116
56,56,Máy Ảnh Selfie Lấy Liền Fujifilm Instax Mini 9 Clear Purple - Hàng Chính Hãng,Fujifilm,1499000.0,7.0,307.0,90.2,0.16178688476406394,0.838213115235936,169
57,57,Máy Ảnh Sony Alpha A6600 + 18-135mm - Hàng Chính Hãng,Sony,37990000.0,0.0,552.4,266.0,0.5,0.5,32
58,58,Máy Ảnh Canon PowerShot SX430 IS (Tặng Kèm Thẻ Nhớ Và Túi Đựng Máy Ảnh) - Hàng Chính Hãng,Canon,4800000.0,1.0,295.4,90.2,0.46339791475364855,0.5366020852463514,149
59,59,Máy Ảnh Mini Chụp Hình Cho Bé Loại Cao Cấp 2019,OEM,239000.0,4.0,305.4,90.2,0.281439287834808,0.718560712165192,164
60,60,Máy Ảnh Canon EOS RP Body (Chính Hãng Lê Bảo Minh),Canon,39000000.0,0.0,485.0,262.0,0.5,0.5,41
61,61,Máy Ảnh Mini Cho Bé Kèm Thẻ Nhớ 32G - Máy Chụp Hình Mini (Giao Mẫu Ngẫu Nhiên),OEM,338000.0,7.0,305.4,90.2,0.2702390460436905,0.7297609539563095,170
62,62,Máy Ảnh Sony DSC-RX0 Mark II - Hàng Chính Hãng,Sony,12500000.0,0.0,132.0,234.4,0.5,0.5,58
63,63,Máy Ảnh Fujifilm X-T100 Body (24.2MP) - Hàng Chính Hãng,Fujifilm,12490000.0,0.0,448.0,242.0,0.5,0.5,56
64,64,Máy Ảnh Canon IXUS 185 (Lê Bảo Minh) - Đen - Hàng Chính Hãng,Canon,2290000.0,15.0,199.2,90.2,0.3974464801729258,0.6025535198270743,183
65,65,Máy chụp ảnh cao cấp mini dành cho bé yêu tặng kèm thẻ nhớ 32G - Hàng nhập khẩu,OLAPLE,399000.0,0.0,305.4,90.2,0.5,0.5,130
66,66,Máy Ảnh Canon PowerShot G7 X Mark II - Hàng Nhập Khẩu,Canon,11790000.0,0.0,270.0,242.6,0.5,0.5,50
67,67,Máy Ảnh Sony Alpha A7R MARK III Body- Hàng chính hãng,Sony,59990000.0,2.0,657.0,314.0,0.335598405207301,0.664401594792699,28
68,68,Máy Ảnh Fujifilm XF10 - Hàng Chính Hãng,Fujifilm,11990000.0,2.0,273.2,234.4,0.19534310016819273,0.8046568998318072,49
69,69,Máy Ảnh Fujifilm X-T20 (24.3MP) Body - Hàng Chính Hãng,Fujifilm,16990000.0,5.0,475.8,186.0,0.3126968589622646,0.6873031410377355,161
70,70,Máy Ảnh Selfie Lấy Liền Fujifilm Instax Mini 70 - Vàng - Hàng Chính Hãng,Fujifilm,2690000.0,2.0,165.6,90.2,0.13407311726331808,0.865926882736682,120
71,71,Máy Ảnh Canon EOS R + Kit 24-105mm - Hàng Chính Hãng,Canon,65900000.0,0.0,660.0,314.0,0.5,0.5,7
72,72,Canon SX740 HS - Hàng Nhập Khẩu,Canon,8990000.0,4.0,395.0,242.6,0.3130426466160714,0.6869573533839286,127
73,73,Máy ảnh Canon EOS 90D Body + Lens 18-135mm - Hàng chính hãng,Canon,39900000.0,0.0,552.4,266.0,0.5,0.5,33
74,74,MÁY ẢNH NIKON D3500 KIT AF-P 18-55 VR (HÀNG NHẬP KHẨU),Nikon,9990000.0,5.0,326.2,242.6,0.5,0.5,163
75,75,Máy Ảnh Canon EOS 6D MARK II + Lens Canon 24-105mm F4L IS II USM - Hàng Chính Hãng,Canon,62690000.0,0.0,685.0,314.0,0.5,0.5,8
76,76,Máy ảnh Canon EOS 90D Body - Hàng chính hãng,Canon,28990000.0,0.0,382.2,196.4,0.5,0.5,89
77,77,Máy ảnh Canon PowerShot G7 X Mark III - Hàng Chính Hãng,Canon,18990000.0,0.0,303.0,186.2,0.5,0.5,100
78,78,Máy Ảnh Canon IXUS 185 - Hàng Chính Hãng - Đỏ,Canon,2490000.0,0.0,165.6,90.2,0.5,0.5,131
79,79,Máy Ảnh Canon 800D Body (Lê Bảo Minh) - Hàng Chính Hãng,Canon,17250000.0,0.0,532.0,194.4,0.5,0.5,98
80,80,Máy Ảnh Fujifilm X100F - Hàng Chính Hãng,Fujifilm,27990000.0,0.0,469.0,196.4,0.5,0.5,90
81,81,Máy Ảnh Fujifilm X-T4 -Hàng chính hãng,Fujifilm,39350000.0,0.0,526.0,266.0,0.5,0.5,34
82,82,Máy Ảnh Canon EOS 1D X Mark II Body (Lê Bảo Minh) - Hàng Chính Hãng,Canon,122000000.0,1.0,708.0,314.0,0.11507437579167958,0.8849256242083205,3
83,83,Máy ảnh Canon Powershot SX740HS - Hàng chính hãng,Canon,10890000.0,0.0,326.2,242.6,0.5,0.5,51
84,84,Máy Ảnh Fujifilm Instax Mini 90 Neo (Nâu) - Hàng Chính Hãng,Fujifilm,3490000.0,2.0,296.0,90.2,0.2232747965118483,0.7767252034881518,128
85,85,Máy Ảnh Sony Cyber-shot RX100 V - Hàng Chính Hãng,Sony,19990000.0,5.0,516.2,230.0,0.2943598465635275,0.7056401534364725,152
86,86,Máy Ảnh Fujifilm X-T20 (24.3MP) + Lens 18-55mm - Hàng Chính Hãng,Fujifilm,23990000.0,22.0,383.0,196.6,0.24548433896853863,0.7545156610314617,186
87,87,Máy Ảnh Sony A6000 | Body Đen | Chính hãng,Sony,10990000.0,0.0,326.2,242.6,0.5,0.5,52
88,88,Canon 5D MARK III + EF 24-105mm F/4 IS - Hàng Chính Hãng,Canon,59990000.0,6.0,950.0,223.0,0.23770944569973504,0.7622905543002649,159
89,89,Máy chụp hình mini cho bé Aturos ES-P10 tích hợp camera 5MP  chơi game  nghe nhạc  quay video HD - Hàng chính hãng,Aturos,999000.0,1.0,500.0,5.0,0.5485065065378837,0.4514934934621163,166
90,90,Máy Ảnh Fujifilm X-T30 + Lens 15-45mm - Hàng Chính Hãng,Fujifilm,24990000.0,0.0,365.2,261.0,0.5,0.5,43
91,91,Máy ảnh Nikon P950 (Hàng Nhập Khẩu),Nikon,17990000.0,0.0,899.0,186.2,0.5,0.5,101
92,92,Máy Ảnh Sony RX0 - Hàng Chính Hãng,Sony,12990000.0,1.0,301.2,226.2,0.12018117808493779,0.8798188219150622,6
93,93,Máy ảnh Sony A6000 Trắng | Kit 16-50 | Chính hãng,Sony,12990000.0,0.0,301.2,226.2,0.5,0.5,73
94,94,Máy Ảnh Canon Powershot G5X - Hàng Chính Hãng,Canon,14090000.0,1.0,377.0,202.0,0.4433621036364498,0.5566378963635502,115
95,95,Canon EOS 5D Mark IV Body (Lê Bảo Minh) - Hàng Chính Hãng,Canon,59990000.0,0.0,890.0,314.0,0.5,0.5,9
96,96,Máy Ảnh Canon EOS RP + Lens 24-105mm (Hàng Chính Hãng),Canon,54990000.0,0.0,485.0,262.0,0.5,0.5,42
97,97,Máy Ảnh Fujifilm X-T4 + Lens 18-55mm-Hàng chính hãng,Fujifilm,48990000.0,0.0,526.0,258.6,0.5,0.5,44
98,98,Máy ảnh Sony Alpha A7R Mark IV - Hàng chính hãng,Sony,84990000.0,0.0,708.0,314.0,0.5,0.5,10
99,99,Máy Ảnh Nikon Coolpix P1000 (16MP) - Hàng Chính Hãng,Nikon,25290000.0,0.0,365.2,16.0,0.5,0.5,156
100,100,Máy Ảnh Fujifilm X-Pro2 (24.3MP) Body - Hàng Chính Hãng,Fujifilm,39990000.0,0.0,552.4,266.0,0.5,0.5,35
101,101,Máy ảnh HX99 với ống kính zoom 24-720mm - Chính hãng,Sony,10590000.0,0.0,326.2,242.6,0.5,0.5,53
102,102,Máy Ảnh Sony Cyber-Shot DSC-RX10 III - Hàng Chính Hãng,Sony,27990000.0,0.0,498.6,196.4,0.5,0.5,91
103,103,Máy Ảnh Nikon D7500 Body (VIC Nikon) - Hàng Chính Hãng,Nikon,28500000.0,0.0,720.0,196.4,0.5,0.5,92
104,104,Máy Ảnh Canon EOS 90D Body - Hàng Chính Hãng,Canon,27790000.0,0.0,498.6,196.4,0.5,0.5,93
105,105,Máy Ảnh Fujifilm X-E3 + Lens 15-45mm - Hàng Chính Hãng,Fujifilm,16190000.0,0.0,424.2,186.0,0.5,0.5,102
106,106,Máy In Ảnh Thông Minh Từ Smartphone Cầm Tay DMP-100 - Thiết Kế Tiện Lợi In Ảnh Lấy Liền - Màu Hồng Patel,OEM,2724000.0,0.0,165.6,90.2,0.5,0.5,132
107,107,Máy ảnh Canon loại in ảnh ngay CV123 - Hàng chính hãng Lê Bảo Minh,Canon,4200000.0,0.0,375.4,90.2,0.5,0.5,133
108,108,Máy Ảnh Sony RX100 VII - Hàng Chính Hãng,Sony,27990000.0,0.0,302.0,196.4,0.5,0.5,94
109,109,Máy ảnh Sony Cyber-shot DSC-RX100 VII (RX100M7) - Hàng chính hãng - kèm thẻ nhớ 64GB và Bảng tay cầm VCT-SGR1,Sony,29000000.0,1.0,382.2,196.4,0.15213554982749167,0.8478644501725082,22
110,110,Canon 200D mark II Kit 18-55MM IS STM ( Trắng) - Hàng chính hãng,Canon,15990000.0,0.0,436.4,174.2,0.5,0.5,112
111,111,Máy Ảnh Panasonic Lumix LX100 II (Chính Hãng),Panasonic,20500000.0,0.0,464.8,230.0,0.5,0.5,62
112,112,Máy Ảnh Fujifilm X-E3 + Lens 15-45mm Silver - Hàng Chính Hãng,Fujifilm,16190000.0,0.0,424.2,186.0,0.5,0.5,103
113,113,Máy Ảnh Canon IXUS 185 - Đen (Tặng Kèm Thẻ Nhớ Và Túi Đựng Máy Ảnh) - Hàng Chính Hãng,Canon,2500000.0,2.0,165.6,90.2,0.36152765477460563,0.6384723452253945,151
114,114,Máy Ảnh Sony RX100 IV (Chính Hãng),Sony,19090000.0,0.0,468.8,201.0,0.5,0.5,81
115,115,MÁY ẢNH CHỤP IN LIỀN LOMO'INSTANT MÀU TRẮNG + 3 LENSES hàng chính hãng,Lomography,3160000.0,0.0,312.4,90.2,0.5,0.5,134
116,116,Máy Ảnh Sony Alpha A6400 Body + Lens 18-135mm - Hàng Chính Hãng,Sony,27990000.0,2.0,403.0,196.4,0.15213554982749167,0.8478644501725082,71
117,117,Máy ảnh Fujifilm X-Pro 3 - Hàng chính hãng,Fujifilm,41990000.0,1.0,497.0,266.0,0.25665435334811293,0.7433456466518871,18
118,118,Máy Ảnh Fujifilm X-T4 + Lesn 16-80mm-Hàng chính hãng,Fujifilm,51990000.0,0.0,526.0,258.6,0.5,0.5,45
119,119,Máy Ảnh Canon Powershot G3X - Hàng Chính Hãng,Canon,16990000.0,0.0,733.0,202.0,0.5,0.5,80
120,120,Máy ảnh Canon EOS 90D Body + Lens 18-55mm - Hàng chính hãng,Canon,34190000.0,0.0,498.6,209.8,0.5,0.5,79
121,121,MÁY ẢNH CHỤP IN LIỀN LOMO’INSTANT AUTOMAT MÀU PLAYA JARDÍN(PIN MÁY  REMOTE) hàng chính hãng,Lomography,4060000.0,1.0,375.4,90.2,0.15213554982749167,0.8478644501725082,108
122,122,Máy Ảnh Mirrorless Canon EOS M5 + Lens 15-45mm - Hàng Chính Hãng,Canon,19990000.0,2.0,380.0,230.0,0.35180921463851134,0.6481907853614887,109
123,123,Máy Ảnh Canon EOS 200D Kit 18-55mm (Đen) - Hàng Chính Hãng - Tặng Kèm Thẻ Nhớ Và Túi Đựng Máy Ảnh,Canon,15790000.0,0.0,406.0,174.2,0.5,0.5,113
124,124,Máy Ảnh Sony DSC W810 - Hàng Chính Hãng,Sony,2290000.0,2.0,127.0,90.2,0.4368789700194519,0.563121029980548,158
125,125,Máy Ảnh Nikon Z6 Body - Hàng Chính Hãng,Nikon,46000000.0,0.0,585.0,266.2,0.5,0.5,29
126,126,Máy Ảnh Canon EOS M6 Mark II Kit 15-45mm IS STM (Tặng Thẻ 16GB) - Hàng Chính Hãng,Canon,23990000.0,0.0,408.0,196.6,0.5,0.5,84
127,127,Máy Ảnh Nikon D610 (Body) - Hàng Chính Hãng,Nikon,18990000.0,1.0,850.0,243.0,0.2569832212491365,0.7430167787508636,21
128,128,Máy Ảnh Sony DSC W810 - 20.1 Megapixel  Zoom 6x - Hàng Chính Hãng,Sony,1990000.0,13.0,120.0,201.0,0.3302199828951572,0.6697800171048428,177
129,129,Máy Ảnh Selfie Lấy Liền Fujifilm Instax Mini 70 - Đen - Hàng Chính Hãng,Fujifilm,2690000.0,2.0,165.6,90.2,0.16648946684484628,0.8335105331551536,122
130,130,Máy Ảnh Mini Cao Cấp Chụp Hình Cho Bé Kèm Thẻ Nhớ 32G,OLAPLE,699000.0,1.0,305.4,90.2,0.30246779507801463,0.6975322049219853,124
131,131,Máy ảnh Sony A7RIII Chính hãng | ILCE-7RM3,Sony,57990000.0,0.0,713.4,265.2,0.5,0.5,40
132,132,Máy Ảnh Fujifilm X-S10 + Lens 16-80mm - Hàng Chính Hãng,Fujifilm,34990000.0,0.0,570.4,290.2,0.5,0.5,19
133,133,MÁY ẢNH CHỤP IN LIỀN LOMO'INSTANT AUTOMAT & LENSES MÀU SOUTH BEACH (PIN MÁY  REMOTE) hàng chính hãng,Lomography,5400000.0,0.0,328.8,137.8,0.5,0.5,117
134,134,Máy Ảnh Sony Cyber-Shot DSC-RX100 VI (20.1MP) (Đen) - Hàng Chính Hãng,Sony,26490000.0,0.0,301.0,201.0,0.5,0.5,82
135,135,Máy Ảnh Fujifilm X-T2 (Body) - Hàng Chính Hãng,Fujifilm,31490000.0,0.0,507.0,278.0,0.5,0.5,24
136,136,Máy Ảnh NiKon D5300 Body - Hàng Nhập Khẩu,Nikon,10490000.0,0.0,480.0,242.6,0.5,0.5,54
137,137,Máy Ảnh Nikon D850 Body (45.7 MP) - Hàng Chính Hãng,Nikon,69990000.0,0.0,763.0,457.0,0.5,0.5,2
138,138,Máy Ảnh Sony Alpha A7S Mark II Body - Hàng chính hãng,Sony,43990000.0,0.0,627.0,122.0,0.5,0.5,121
139,139,Máy Ảnh Nikon Z7 Body - Hàng Chính Hãng,Nikon,69900000.0,0.0,675.0,314.0,0.5,0.5,11
140,140,Máy Ảnh Canon EOS M6 Mark II Body (Tặng Thẻ 16GB) - Hàng Chính Hãng,Canon,19990000.0,0.0,408.0,230.0,0.5,0.5,63
141,141,MÁY ẢNH CHỤP IN LIỀN LOMO’INSTANT AUTOMAT MÀU DAHAB (PIN MÁY  REMOTE) hàng chính hãng,Lomography,4400000.0,0.0,375.4,90.2,0.5,0.5,135
142,142,Máy Ảnh Fujifilm X-E3 + 23mm F2 - Hàng Chính hãng,Fujifilm,19550000.0,0.0,406.8,230.0,0.5,0.5,64
143,143,Máy Ảnh Sony A6000 Đen | Kit 16-50 Đen | Chính hãng,Sony,12990000.0,0.0,301.2,226.2,0.5,0.5,74
144,144,Máy Ảnh Selfie Lấy Liền Fujifilm Instax Mini 70 - Vàng Đồng - Hàng Chính Hãng,Fujifilm,2690000.0,0.0,165.6,90.2,0.5,0.5,136
145,145,Máy ảnh Fujifilm X-T20 + Kit 18-55mm f/2.8-4 - Bạc - Hàng Chính Hãng,Fujifilm,23030000.0,0.0,446.4,196.6,0.5,0.5,85
146,146,Máy Ảnh Panasonic Lumix S1 Body - Hàng Chính Hãng,Panasonic,64990000.0,0.0,699.0,314.0,0.5,0.5,12
147,147,Máy ảnh Fujifilm X-S10 + Ống kính XF 15-45mm - Chính hãng,Fujifilm,25990000.0,0.0,361.2,196.4,0.5,0.5,95
148,148,Máy ảnh chụp in liền Diana Instant Square - Hàng Chính Hãng,Lomography,2560000.0,0.0,165.6,90.2,0.5,0.5,137
149,149,Máy Ảnh Olympus OM-D E-M10 Mark III + Lens Kit 14-42mm EZ (Bạc) - Hàng Chính Hãng,Olympus,13990000.0,0.0,310.4,226.0,0.5,0.5,78
150,150,Máy Ảnh Canon PowerShot G5X Mark II - Hàng Chính Hãng,Canon,22290000.0,0.0,340.0,242.0,0.5,0.5,57
151,151,MÁY ẢNH FUJIFILM X-T30 Body (Charcoal) - Chính hãng,Fujifilm,21110000.0,0.0,437.4,230.0,0.5,0.5,65
152,152,Máy ảnh Nikon D750 BODY - Hàng Chính Hãng,Nikon,29990000.0,1.0,17.0,196.4,0.2785721821983697,0.7214278178016301,59
153,153,Máy Ảnh Olympus Om-D E-M10 Mark Ii Kit 14-42mm (Silver) - Hàng Chính Hãng,Olympus,12800000.0,0.0,410.0,226.2,0.5,0.5,75
154,154,MÁY ẢNH CHỐNG NƯỚC RICOH WG-50 - Hàng chính hãng, Ricoh,5990000.0,0.0,365.0,137.8,0.5,0.5,118
155,155,Máy Ảnh Selfie Lấy Liền Fujifilm Instax Mini 70 - Xanh - Hàng Chính Hãng,Fujifilm,2690000.0,2.0,165.6,90.2,0.2336292257329822,0.7663707742670178,145
156,156,Máy Ảnh Fujifilm X-H1 Body - Hàng Chính Hãng,Fujifilm,31990000.0,1.0,501.6,278.0,0.4855224809985582,0.5144775190014418,72
157,157,Máy ảnh Olympus Pen F Body_Bạc - Hàng Chính Hãng,Olympus,20000000.0,0.0,425.6,230.0,0.5,0.5,66
158,158,Máy Ảnh Fujifilm X-E3 + 23mm F2 - Hàng Chính hãng,Fujifilm,19550000.0,0.0,406.8,230.0,0.5,0.5,67
159,159,Máy Ảnh Nikon Z7 + Kit Nikkor Z 24-70mm f/4 S - Hàng Chính Hãng,Nikon,83500000.0,0.0,675.0,314.0,0.5,0.5,13
160,160,Máy ảnh chụp in liền Lomo'Instant Automat Glass màu Magellan (pin máy  remote) hàng chính hãng,Lomography,5060000.0,0.0,300.8,90.2,0.5,0.5,138
161,161,Máy Ảnh Canon IXUS 190 (Lê Bảo Minh) - Xanh - Hàng Chính Hãng,Canon,3990000.0,0.0,375.4,90.2,0.5,0.5,139
162,162,Máy Ảnh Fujifilm X-E3 Body - Hàng Chính Hãng,Fujifilm,17490000.0,1.0,337.0,186.2,0.152796469967099,0.8472035300329008,25
163,163,Máy Ảnh Fujifilm X-E3 Lens 18-55mm - Hàng Chính Hãng,Fujifilm,24490000.0,0.0,337.0,188.2,0.5,0.5,99
164,164,MÁY ẢNH CHỤP IN LIỀN LOMO INSTANT AUTOMAT & LENSES MÀU BORA BORA (PIN MÁY  REMOTE) hàng chính hãng,Lomography,4730000.0,0.0,295.4,90.2,0.5,0.5,140
165,165,Máy Ảnh Panasonic Lumix S1 + Kit Lumix 24-105m f/4 - Hàng Chính Hãng,Panasonic,81990000.0,0.0,708.0,314.0,0.5,0.5,14
166,166,MÁY ẢNH OLYMPUS STYLUS TOUGH TG-6 - Màu Đỏ - Hàng Chính Hãng,Olympus,11500000.0,0.0,273.2,242.6,0.5,0.5,55
167,167,Máy Ảnh Nikon Z6 + Ngàm Chuyển Nikon Ftz - Hàng Chính Hãng,Nikon,47990000.0,0.0,589.8,258.6,0.5,0.5,46
168,168,Máy Ảnh Canon EOS 6D MARK II Body - Hàng Chính Hãng - Tặng Kèm Thẻ Nhớ Và Túi Đựng Máy Ảnh,Canon,45000000.0,0.0,685.0,266.2,0.5,0.5,30
169,169,Máy ảnh Olympus OM-D E-M10 Mark III + Kit 14-42mm EZ (Đen) - Hàng Chính Hãng,Olympus,14500000.0,0.0,372.8,182.2,0.5,0.5,105
170,170,Máy Ảnh Nikon Z6 + Kit Nikkor Z 24-70mm f/4 S - Hàng Chính Hãng,Nikon,60000000.0,0.0,585.0,314.0,0.5,0.5,15
171,171,Máy ảnh Nikon Z50 Kit 16-50mm F/3.5-6.3 VR - Hàng Chính Hãng (Máy Ảnh Mirrorless),Nikon,23990000.0,0.0,397.0,196.6,0.5,0.5,86
172,172,Máy Ảnh Fujifilm X-T2 (24.3MP) + Lens 18-55mm - Đen - Hàng Chính Hãng,Fujifilm,38490000.0,0.0,552.4,266.0,0.5,0.5,36
173,173,Máy Ảnh Fujifilm X-Pro2 GR (24.3MP) + Lens XF23mm F2 Graphite Silver - Bạc - Hàng Chính Hãng,Fujifilm,53990000.0,0.0,616.8,258.6,0.5,0.5,47
174,174,Máy ảnh Panasonic Lumix GF10 + kit 12-32MM (Bạc) + Pin + Quà tặng : Túi  thẻ nhớ - Hàng Chính Hãng,Panasonic,14490000.0,0.0,372.8,182.2,0.5,0.5,106
175,175,Máy Ảnh Olympus OM-D E-M1 Mark II (Body) - Hàng Chính Hãng,Olympus,43000000.0,0.0,595.6,266.0,0.5,0.5,37
176,176,Máy Ảnh Olympus Pen E-Pl9 Kit 14-42mm F/3.5-5.6 Ez (Black) - Hàng Chính Hãng,Olympus,13500000.0,0.0,326.0,226.2,0.5,0.5,76
177,177,Máy Ảnh Fujifilm X-E3 Lens 23mm F/2 R WR GS - Hàng Chính Hãng,Fujifilm,23490000.0,0.0,337.0,196.6,0.5,0.5,87
178,178,Máy Ảnh Nikon Z6 + Ngàm Chuyển Nikon Ftz - Hàng Nhập Khẩu,Nikon,41990000.0,0.0,563.8,266.0,0.5,0.5,38
179,179,MÁY ẢNH CHỤP IN LIỀN LOMO'INSTANT MÀU ĐEN hàng chính hãng,Lomography,2520000.0,0.0,165.6,90.2,0.5,0.5,141
180,180,Máy Ảnh Fujifilm X-T2 Graphite Silver (24.3MP) Body - Bạc - Hàng Chính Hãng,Fujifilm,38000000.0,0.0,552.4,266.0,0.5,0.5,39
181,181,Máy ảnh kỹ thuật số Paper Shoot chính hãng  13MP CMOS  10s 1080p Video Zen Series,Paper Shoot,3025000.0,0.0,312.4,22.0,0.5,0.5,153
182,182,Máy Ảnh FUJIFILM X-T30 + Ống kính kit XF 18-55 (Charcoal / Xám chì) - Chính Hãng,Fujifilm,28990000.0,0.0,382.2,196.4,0.5,0.5,96
183,183,Máy ảnh Nikon Z50 Body - Hàng Chính Hãng (Máy Ảnh Mirrorless),Nikon,20990000.0,0.0,397.0,230.0,0.5,0.5,68
184,184,Máy ảnh Olympus Pen F Body_Đen - Hàng Chính Hãng,Olympus,23490000.0,0.0,455.0,196.6,0.5,0.5,88
185,185,Film FUJIFILM INSTAX Mini (10 Tấm),Fujifilm,374000.0,0.0,305.4,90.2,0.5,0.5,142
186,186,Máy Ảnh Canon EOS 200D Kit 18-55mm (Đen) - Hàng Chính Hãng,Canon,15790000.0,0.0,406.0,174.2,0.5,0.5,114
187,187,Máy Ảnh Canon EOS M6 Kit 15-45mm (Bạc) - Hàng Chính Hãng,Canon,16275000.0,0.0,390.0,186.0,0.5,0.5,104
188,188,Máy Ảnh Nikon D3500 + 18-55mm VR - Hàng Chính Hãng,Nikon,13020000.0,0.0,301.2,226.2,0.5,0.5,77
189,189,Máy Ảnh Nikon D500 Body - Hàng Nhập Khẩu,Nikon,30790000.0,0.0,760.0,196.4,0.5,0.5,97
190,190,Máy Ảnh Fujifilm X-H1 Body + Grip Kit - Hàng Chính Hãng,Fujifilm,34490000.0,0.0,570.4,290.2,0.5,0.5,20
191,191,Máy ảnh Nikon D780 Kit 24-120mm F4G ED VR (Hàng Chính hãng),Nikon,69990000.0,0.0,690.0,314.0,0.5,0.5,16
192,192,Máy ảnh kỹ thuật số Paper Shoot chính hãng  13MP CMOS  10s 1080p Video Cork Series,Paper Shoot,3025000.0,0.0,125.0,22.0,0.5,0.5,154
193,193,Máy Ảnh Fujifilm X-E2 + Lens 35mm F1.4 - Hàng Chính Hãng,Fujifilm,19900000.0,0.0,406.8,230.0,0.5,0.5,69
194,194,Máy ảnh Canon loại in ảnh ngay ZV123 - Hàng chính hãng Lê Bảo Minh,Canon,5600000.0,0.0,328.8,137.8,0.5,0.5,119
195,195,Giấy In Ảnh Mini Fuji (3 Gói), FUJIFILM,601000.0,0.0,305.4,90.2,0.5,0.5,143
196,196,Máy ảnh Olympus OM-D E-M10 Mark III + Kit 14-42mm EZ (Bạc) - Hàng Chính Hãng,Olympus,14500000.0,0.0,372.8,182.2,0.5,0.5,107
197,197,Máy Ảnh Fujifilm X-Pro 2 + 23mm F2 Black - Hàng Chính Hãng,Fujifilm,50480000.0,0.0,561.4,258.6,0.5,0.5,48
198,198,Máy Ảnh Sony DSC-RX100M5A - Hàng Chính Hãng,Sony,20990000.0,0.0,464.8,230.0,0.5,0.5,70
199,199,Máy ảnh Olympus E-M1X (Body) ( Hàng Chính hãng),Olympus,72000000.0,0.0,708.0,314.0,0.5,0.5,17
200,200,Máy ảnh kỹ thuật số Paper Shoot chính hãng  13MP CMOS  10s 1080p Video CROZ Series,Paper Shoot,4350000.0,0.0,375.4,90.2,0.5,0.5,144
